customer_id,cltv_raw,cltv_scaled
1,2319.1648388447707,0.0012746287722829475
2,2051.1027518016417,0.0002040858824705529
3,2386.878335929106,0.001545051955387929
4,2257.894423247491,0.0010299369231033771
5,2000.0,0.0
6,2480.497881309405,0.0019189345128203146
7,2308.9117615922823,0.0012336816951620325
8,2328.851444221563,0.0013133135658952386
9,2000.0,0.0
10,4928.7038320880565,0.011696182397116594
11,2000.0,0.0
12,2441.411991078882,0.0017628396232377292
13,19561.337674701623,0.07013362236570797
14,2215.0920960645317,0.0008589999303395754
15,43731.93918363686,0.1666622507640841
16,2358.209290616664,0.001430558171669807
17,2054.731359061865,0.00021857722567093958
18,2000.0,0.0
19,2143.6678296126674,0.0005737572783348303
20,2000.0,0.0
21,2362.104937594066,0.0014461159747850456
22,2205.3315192976515,0.0008200197217859868
23,2306.470192068299,0.0012239309507627982
24,2000.0,0.0
25,2476.5584195159227,0.0019032017291983564
26,2414.496897057758,0.0016553504857368707
27,2322.706797659009,0.0012887740729721174
28,2000.0,0.0
29,2073.3768029816274,0.00029304037574141503
30,2000.0,0.0
31,2000.0,0.0
32,58269.63762320555,0.22472055311630373
33,2246.439162593964,0.000984188760881511
34,2295.8097247262535,0.001181356905171382
35,2474.007785947368,0.001893015422505558
36,2000.0,0.0
37,13053.177396721005,0.04414238731936355
38,2000.0,0.0
39,2075.6446490206463,0.00030209733146029615
40,2000.0,0.0
41,2000.0,0.0
42,2080.563940980747,0.0003217432018960877
43,2000.0,0.0
44,2235.851195746008,0.0009419042560055019
45,2049.7215350978645,0.0001985698032001531
46,2366.14255684627,0.001462240763746795
47,2260.212081601799,0.0010391928111686665
48,2000.0,0.0
49,15770.701277077165,0.05499519347371765
50,41700.282120160104,0.15854854827137677
51,2365.807841116161,0.001460904030346974
52,2343.8114859974417,0.001373058554569772
53,2009.9827032241392,3.9867301174858344e-05
54,2000.0,0.0
55,2245.9964031799805,0.0009824205401391967
56,2000.0,0.0
57,2000.0,0.0
58,2000.0,0.0
59,2329.539502001711,0.0013160614194706634
60,2231.8806852736257,0.0009260474752051228
61,5756.503659072729,0.015002115096296802
62,2324.5832248175743,0.00129626784344526
63,2067.132620430672,0.00026810337213022985
64,2154.992956762315,0.0006189857344735209
65,2000.0,0.0
66,4080.4480604271275,0.008308556063565635
67,2000.0,0.0
68,2234.722369432377,0.0009373961325434294
69,2076.876964914506,0.00030701875482428906
70,2152.188885184951,0.0006077872881628758
71,2311.9990859328204,0.0012460113504212476
72,2207.7746560004725,0.0008297767249299034
73,2142.8635205263963,0.0005705451591462608
74,2147.3657285963304,0.0005885253475827867
75,2000.0,0.0
76,11690.585314253518,0.03870068804107084
77,2000.0,0.0
78,2049.37391138589,0.0001971815199957299
79,2000.0,0.0
80,2026.822914979709,0.00010712100779454795
81,2382.722458614533,0.0015284548865553901
82,2000.0,0.0
83,2000.0,0.0
84,2000.0,0.0
85,2000.0,0.0
86,2229.533211781516,0.0009166725162778038
87,2145.6257218730225,0.0005815763909197604
88,2327.1185672851307,0.001306393083018751
89,2231.45083226191,0.0009243307979590696
90,2025.1094891520563,0.00010027820560178785
91,2351.2163077328278,0.0014026307307271196
92,2000.0,0.0
93,2000.0,0.0
94,2000.0,0.0
95,2277.88748047716,0.0011097819526594988
96,2069.5017842011102,0.0002775649541734825
97,2000.0,0.0
98,19360.519289348016,0.06933162646634262
99,2100.8358200826906,0.00040270174502729343
100,2000.0,0.0
101,2257.0563000621887,0.0010265897626499567
102,2056.9250204592245,0.0002273379147989807
103,2004.816980877186,1.9237277025319424e-05
104,2000.0,0.0
105,2204.226074495111,0.0008156049756109715
106,36758.9300088704,0.13881457758140914
107,2000.0,0.0
108,2000.0,0.0
109,20487.915110106194,0.07383403705797056
110,2000.0,0.0
111,2469.5181316396115,0.001875085369248488
112,2426.8645525660854,0.0017047424225606657
113,2259.7657070485993,0.0010374101528696413
114,2000.0,0.0
115,2475.341101878179,0.001898340203437274
116,2323.000723172636,0.0012899479050205737
117,2273.512151327196,0.0010923084726767469
118,2059.489201715031,0.00023757832604800674
119,2000.0,0.0
120,3450.2021452037848,0.005791582138539451
121,2422.081917235073,0.0016856423092076085
122,2064.621031866889,0.0002580729970453003
123,2000.0,0.0
124,2000.0,0.0
125,2163.3756551535166,0.0006524631958300733
126,2000.0,0.0
127,2385.2914272739004,0.0015387144169603517
128,2306.815623868168,0.0012253104802641308
129,2275.5703647607493,0.0011005282316934421
130,2045.6744318200829,0.00018240713847513836
131,2201.8470725619545,0.0008061041035089776
132,2167.278375130188,0.000668049245942718
133,2219.877281243856,0.0008781102268632952
134,2000.0,0.0
135,7472.259968752291,0.021854224390225725
136,2000.0,0.0
137,2095.192655395615,0.0003801649890897898
138,2000.0,0.0
139,2000.0,0.0
140,2000.0,0.0
141,2170.11565774217,0.0006793803250973642
142,2000.0,0.0
143,2440.096094701438,0.001757584409693206
144,2164.848911760316,0.0006583468491384355
145,2000.0,0.0
146,2172.7323931851333,0.0006898306187359936
147,2000.0,0.0
148,2466.847370593156,0.0018644193169163256
149,2085.8427495543206,0.0003428248514775554
150,2326.1881818002294,0.0013026774603559846
151,2000.0,0.0
152,2089.3266646705283,0.0003567383466588636
153,2092.5655954836166,0.00036967346326111615
154,2450.261163979986,0.0017981800148406408
155,2157.38244190086,0.0006285284727010673
156,2078.791520845563,0.00031466479780541123
157,3728.9372032233964,0.006904749008930677
158,2000.0,0.0
159,2116.5379219772303,0.0004654102530588858
160,2051.1291682440374,0.00020419138017406177
161,2000.0,0.0
162,2361.0335393554865,0.0014418371982556216
163,2416.9286174718136,0.0016650618963581724
164,2000.0,0.0
165,2143.2289148312393,0.0005720044116625054
166,2000.0,0.0
167,51160.91941873404,0.19633090721963323
168,5353.759307635645,0.013393700021270901
169,2000.0,0.0
170,2227.538107753521,0.0009087047933701541
171,6113.306480122988,0.016427056337908877
172,2314.9179935341253,0.0012576684102205832
173,2000.0,0.0
174,2432.809476110086,0.0017284842940827085
175,2000.0,0.0
176,2000.0,0.0
177,2143.8819755131867,0.0005746124995028509
178,2000.0,0.0
179,36474.09819120191,0.1376770624610845
180,2363.8317945059307,0.0014530124158637237
181,67474.43154123769,0.2614811662631835
182,2346.6011776514415,0.0013841995726745736
183,5728.509835075869,0.0148903179019637
184,2462.319516055796,0.0018463367057774543
185,2000.0,0.0
186,2112.0457033853713,0.00044746995897983546
187,2000.0,0.0
188,2448.834856039171,0.0017924838575005056
189,2000.0,0.0
190,2000.0,0.0
191,17296.801235303737,0.061089883989051845
192,2493.9004512446695,0.0019724595230434204
193,5938.140107082416,0.01572750528516101
194,2298.886415565559,0.0011936440940778816
195,2412.63399270282,0.0016479107204437696
196,2414.7573117582906,0.0016563904877346658
197,2115.0866883091594,0.00045961455139160827
198,2000.0,0.0
199,2317.6099456887905,0.0012684190921640106
200,2229.329010534209,0.00091585701045299
201,2000.0,0.0
202,2000.0,0.0
203,2297.4316890792206,0.0011878344433594607
204,22981.685884311766,0.0837932543445173
205,2000.0,0.0
206,2924.321292570485,0.003691404474905579
207,2000.0,0.0
208,2000.0,0.0
209,2364.890137699925,0.0014572390552733076
210,2000.0,0.0
211,2000.0,0.0
212,2179.506233216675,0.0007168828824950478
213,2399.6496326699717,0.0015960558891050386
214,2000.0,0.0
215,2000.0,0.0
216,2321.923870592942,0.0012856473458281725
217,2477.461140848774,0.001906806871257145
218,2100.592948961874,0.00040173180573300875
219,2000.0,0.0
220,2000.0,0.0
221,2000.0,0.0
222,2000.0,0.0
223,2242.1269388902856,0.0009669673011959024
224,2000.0,0.0
225,2105.0639452965065,0.00041958734580290445
226,2255.4099485143092,0.0010200148308378704
227,2164.8932873767217,0.000658524069278547
228,2000.0,0.0
229,2343.29962094581,0.0013710143509391426
230,2272.3257036926416,0.0010875702305280077
231,16260.348779868249,0.05695066826095622
232,2000.0,0.0
233,2000.0,0.0
234,2442.050040805206,0.0017653877627579351
235,2018.0625550599523,7.213530307314912e-05
236,2000.0,0.0
237,2090.8672362812267,0.00036289083171287505
238,3369.625367466494,0.005469787671286901
239,2464.498605637576,0.0018550392003516426
240,2000.0,0.0
241,2439.8467434496215,0.0017565885911026615
242,2000.0,0.0
243,2144.15843386146,0.0005757165740190862
244,2207.180089344868,0.0008274022410455981
245,2000.0,0.0
246,2000.0,0.0
247,2035.2914554530432,0.00014094129133713704
248,2472.9855297145455,0.0018889329013490365
249,2176.8340425874985,0.0007062111209272595
250,2446.418577280169,0.001782834115256881
251,2343.4887324903766,0.0013717695939563478
252,2073.9052812442333,0.0002951509265197577
253,2327.8107594017497,0.0013091574476366812
254,2000.0,0.0
255,2000.0,0.0
256,5134.036357705756,0.012516206137780388
257,2337.4536706601293,0.0013476677427650234
258,2000.0,0.0
259,2124.6156724792427,0.0004976698629910303
260,2184.8126565600087,0.0007380748154655111
261,2394.191163020809,0.0015742567382567227
262,2182.4857258709803,0.0007287818970535733
263,2030.057255418944,0.00012003779210615663
264,2000.0,0.0
265,2040.705669098808,0.000162563699736374
266,2221.5448204639792,0.0008847697745646421
267,2393.99250540186,0.0015734633716757967
268,2063.11750566104,0.00025206845792127494
269,2000.0,0.0
270,2000.0,0.0
271,2296.811424194757,0.0011853573300563917
272,2353.2550107391285,0.0014107725721635902
273,2000.0,0.0
274,2000.0,0.0
275,57408.82316468072,0.22128277193588192
276,3664.372929099033,0.006646902681752696
277,2000.0,0.0
278,2359.7313523650732,0.0014366367350376764
279,2000.0,0.0
280,2000.0,0.0
281,2436.77637798996,0.0017443266634715546
282,2000.0,0.0
283,10873.987045993066,0.03543949031049177
284,2000.0,0.0
285,2000.0,0.0
286,2000.0,0.0
287,2000.0,0.0
288,2000.0,0.0
289,2000.0,0.0
290,2172.915052888777,0.000690560095437262
291,2244.571621439605,0.0009767304778908643
292,2014.9043654656227,5.9522637656031496e-05
293,8232.490444454923,0.02489030957242907
294,2103.620989617784,0.00041382470342698867
295,2400.003953787687,0.0015974709193223458
296,2380.905301457765,0.0015211978190032126
297,2000.0,0.0
298,2000.0,0.0
299,2000.0,0.0
300,2000.0,0.0
301,5108.4983171278745,0.012414216452995187
302,2033.009940562554,0.00013182974717602068
303,2395.9111468233873,0.001581125730626189
304,2000.0,0.0
305,2119.0023589741095,0.00047525232186280096
306,2000.0,0.0
307,2366.766843030848,0.0014647339366661
308,2000.0,0.0
309,2439.8734952144496,0.0017566954279625187
310,2000.0,0.0
311,2374.8599612782023,0.001497054919807301
312,4188.14208204815,0.00873864698165633
313,2483.656544469274,0.0019315490694866815
314,2341.620704218875,0.0013643093655962557
315,2323.582032617063,0.0012922694444048883
316,2213.986620796438,0.0008545850624961764
317,2323.1970836625032,0.0012907320976999134
318,2000.0,0.0
319,2128.85442875811,0.0005145979203901307
320,2111.378296152331,0.000444804576210411
321,2386.057715298046,0.0015417746937971336
322,2070.239492474813,0.0002805110938379138
323,2008.0715968802826,3.2235034595654716e-05
324,2211.650616989688,0.0008452559093381305
325,2000.0,0.0
326,2000.0,0.0
327,2082.301819218997,0.0003286836581606802
328,32210.049747360972,0.12064799731531071
329,2033.511494875908,0.00013383277345227831
330,2000.0,0.0
331,2000.0,0.0
332,2000.0,0.0
333,2000.0,0.0
334,2003.5712637815432,1.4262334115009226e-05
335,2248.594676364756,0.0009927971022052253
336,2000.0,0.0
337,2459.0863413722723,0.001833424577071946
338,5467.749820765374,0.013848936846004958
339,2084.7283426400627,0.00033837431387421027
340,2000.0,0.0
341,2128.3478318640023,0.0005125747558726475
342,2378.8483910188997,0.0015129832636753878
343,2222.0698724480817,0.0008868666420275596
344,2343.5134623576623,0.0013718683560897064
345,2126.1778208525925,0.0005039085178204714
346,2206.3341034140963,0.0008240236796344756
347,2000.0,0.0
348,2661.876607268505,0.0026432954531553955
349,2000.0,0.0
350,2255.8385030547984,0.0010217263224601217
351,2388.575254660715,0.0015518288342175751
352,2691.0817890551434,0.0027599303717753265
353,2191.5037924335356,0.0007647967887709738
354,2000.0,0.0
355,2280.5725026171417,0.00112050495863417
356,11136.269644706637,0.03648695201711183
357,2000.0,0.0
358,2448.7518581605004,0.001792152394032992
359,2000.0,0.0
360,2467.104196727264,0.0018654449874795156
361,2340.7073408680776,0.001360661723172082
362,2174.945603573083,0.0006986693794522655
363,2326.0992837036374,0.0013023224335550147
364,2336.0918711864683,0.0013422292088792406
365,79250.58083890163,0.3085108415113472
366,7585.592803455748,0.02230683468552104
367,2000.0,0.0
368,2172.060716286647,0.000687148184469152
369,21271.824687838438,0.07696468799766151
370,9963.963679115586,0.031805186572428736
371,3273.9196875455664,0.005087573848048536
372,49948.781128783296,0.19149006589779666
373,2192.932560019297,0.0007705027690421973
374,2572.2606187788397,0.0022854016519492405
375,2151.9604891779536,0.000606875157230638
376,2157.9444112270794,0.0006307727746577996
377,2072.7881223849818,0.00029068939864479795
378,2118.1054204104985,0.00047167027408997336
379,2311.1387120052705,0.0012425753285619894
380,2339.3957732096533,0.0013554237969635608
381,2093.722572460343,0.00037429401027607584
382,2179.67475321809,0.0007175558903466835
383,2444.9889885520815,0.001777124855640605
384,2000.0,0.0
385,34250.2034344677,0.1287956322455172
386,2000.0,0.0
387,3020.8638283853998,0.004076960397494835
388,2226.2906280324223,0.0009037228111721547
389,2034.8866406323034,0.00013932460755759074
390,2319.4571329134747,0.001275796088931254
391,2236.985130646874,0.0009464327813147773
392,2000.0,0.0
393,2418.6932378892284,0.001672109151200956
394,2310.025717656522,0.0012381304322336903
395,2000.0,0.0
396,2000.0,0.0
397,2000.0,0.0
398,2000.0,0.0
399,2000.0,0.0
400,2448.901970700595,0.001792751889150868
401,2050.3232297590025,0.00020097275375696028
402,2006.6558582219277,2.6581087141718668e-05
403,2283.7485669419025,0.0011331890092508186
404,2142.39445220232,0.0005686718701455092
405,2448.91198947077,0.001792791900490382
406,2324.241195127514,0.0012949019007383374
407,2083.4956512996323,0.00033345139111259393
408,2001.0875787846612,4.3433957702589815e-06
409,2489.305235939458,0.0019541078973942475
410,2274.2081888029147,0.0010950881942662222
411,2460.955728003073,0.001840890230227113
412,9317.230016055342,0.02922236655401981
413,2380.426943352626,0.0015192874299814405
414,2209.659107192966,0.0008373025404884368
415,2000.0,0.0
416,2170.6063999753765,0.000681340171841396
417,2248.877092084359,0.0009939249683049295
418,2000.0,0.0
419,2063.4543694733975,0.00025341376998361254
420,80111.89178878482,0.31195060549843673
421,2000.0,0.0
422,2066.838465438841,0.00026692862362893803
423,2053.8513016543147,0.00021506259512145756
424,2000.0,0.0
425,2434.7535164124433,0.001736248086964251
426,2325.0352283452125,0.0012980729818295074
427,2000.0,0.0
428,2497.6277262700582,0.0019873449095627136
429,2403.360019446196,0.0016108738300736995
430,2000.0,0.0
431,2369.5172637287505,0.001475718120795274
432,2000.0,0.0
433,2499.283784379391,0.001993958605865754
434,2232.5477888852292,0.0009287116454204936
435,2220.1000124470374,0.0008789997346207532
436,6919.5551332014265,0.01964692145384029
437,2417.6267191173,0.001667849861494106
438,2000.0,0.0
439,2879.6102014109574,0.0035128445701291706
440,2000.0,0.0
441,2321.4143525537747,0.0012836125153152939
442,5320.981747569668,0.013262798317635412
443,2000.0,0.0
444,2428.5105817047083,0.0017113160667869502
445,2225.0152314619922,0.0008986293391887567
446,2000.0,0.0
447,2000.0,0.0
448,2000.0,0.0
449,2184.740142118182,0.0007377852190478974
450,2341.1854486875322,0.0013625711126434795
451,37361.65424394708,0.14122163988364042
452,2000.0,0.0
453,2379.5270743384585,0.0015156936790504307
454,2000.0,0.0
455,2340.771082913341,0.0013609162858149813
456,2442.2363441378243,0.0017661317907936881
457,2317.6867192835043,0.0012687256980956907
458,2258.49662718291,0.001032341907517215
459,2370.3841749243065,0.0014791802501353014
460,2000.0,0.0
461,2000.0,0.0
462,2000.0,0.0
463,252398.2695080111,0.9999999999999998
464,2296.1505026630757,0.0011827178488292272
465,22556.48953194758,0.0820951741093798
466,2204.0094756611193,0.0008147399583150576
467,2380.904879809548,0.0015211961350929462
468,145432.00604051084,0.5728154843974349
469,2000.0,0.0
470,2287.696873548129,0.0011489571158514924
471,2000.0,0.0
472,2000.0,0.0
473,2267.923757825043,0.0010699904530149778
474,2484.1638279189456,0.0019335749758584327
475,2189.2348847816556,0.0007557355933548154
476,2000.0,0.0
477,2193.047175942026,0.0007709605035263623
478,2000.0,0.0
479,2407.316569093454,0.0016266748563948143
480,2267.6626280804967,0.0010689475953903644
481,2000.0,0.0
482,2000.0,0.0
483,2000.0,0.0
484,2484.021743643354,0.001933007542721332
485,2066.848513966792,0.0002669687538102306
486,2327.2647586731264,0.0013069769184752937
487,2209.1266736862212,0.0008351761938975005
488,2157.9305199669097,0.0006307172979957715
489,2000.0,0.0
490,2456.819562846476,0.0018243718846142464
491,2000.0,0.0
492,2162.4137726460335,0.0006486217854666017
493,2259.820755671253,0.0010376299971311936
494,2219.386524196247,0.0008761503209559051
495,2452.475527756415,0.0018070233817727675
496,2000.0,0.0
497,2106.6821907575536,0.0004260500320835501
498,2023.2275125926126,9.276227283140127e-05
499,2079.3349835860945,0.0003168351911615602
500,2000.0,0.0
501,2072.7996121168694,0.0002907352844726454
502,2000.0,0.0
503,2000.0,0.0
504,2042.32257094508,0.00016902102010623622
505,2188.7900376293023,0.0007539590349415828
506,3129.9257808267203,0.0045125143358491545
507,7066.9087747706035,0.020235398530214263
508,2027.0264875429577,0.00010793400288292877
509,2000.0,0.0
510,2170.6449987272067,0.0006814943212766385
511,2000.0,0.0
512,2000.0,0.0
513,2034.7200353254884,0.00013865924630272926
514,2079.306140072136,0.0003167200006132572
515,2000.0,0.0
516,2157.9663464976925,0.0006308603761841832
517,2152.617520345537,0.0006094991017525954
518,2261.601744888297,0.001044742623031298
519,2218.358785760968,0.0008720459058683006
520,2221.946445216825,0.0008863737183683867
521,2000.0,0.0
522,2329.945777588763,0.0013176839370218057
523,2139.315506879743,0.0005563756776493459
524,2045.1345561439123,0.00018025107055489632
525,2965.4032215224615,0.0038554708202229605
526,2200.8099847528456,0.0008019623504084208
527,2000.0,0.0
528,2110.1913956854064,0.0004400645256131888
529,2289.364550785776,0.0011556172147448411
530,2409.122309378966,0.0016338863290981196
531,2436.845757836153,0.0017446037414494877
532,2102.9063401464796,0.00041097065226797583
533,2116.220091792455,0.00046414095441157585
534,2339.8963286110693,0.0013574228339473214
535,2000.0,0.0
536,2369.905889876055,0.0014772701528762786
537,2095.3133172139387,0.000380646868691277
538,2000.0,0.0
539,4765.814168815271,0.011045660076843234
540,2373.5945688315705,0.0014920014006710933
541,2000.0,0.0
542,2000.0,0.0
543,2000.0,0.0
544,2000.0,0.0
545,2000.0,0.0
546,2294.1540533800685,0.001174744753460277
547,2000.0,0.0
548,2361.738739616549,0.001444653512691213
549,2385.2384188596466,0.0015385027205522348
550,2000.0,0.0
551,2000.0,0.0
552,2180.672326356065,0.0007215398361620252
553,2000.0,0.0
554,2000.0,0.0
555,2466.7433447207777,0.0018640038752577928
556,2496.37157806691,0.0019823283085869305
557,2317.6839130836684,0.001268714491149887
558,2000.0,0.0
559,2250.1320393328742,0.0009989367731028653
560,2264.32509238721,0.001055618686608988
561,2010.2733561309196,4.102806361683427e-05
562,2212.7109076689276,0.0008494903262984497
563,2000.0,0.0
564,2000.0,0.0
565,2120.070642373809,0.0004795186588538603
566,2000.0,0.0
567,2000.0,0.0
568,2369.0434324401904,0.00147382581023941
569,2491.3064021468845,0.0019620998304509685
570,2144.775542422759,0.0005781810821105828
571,2371.2557847053704,0.001482661143924131
572,2492.257331461018,0.0019658974977271922
573,2000.0,0.0
574,2058.596490603481,0.0002340131611876274
575,2014.0581726735359,5.614325011573697e-05
576,2000.0,0.0
577,2304.2641382357956,0.0012151207707370403
578,2047.0232218580743,0.00018779371738657236
579,2075.461547352321,0.0003013660897121604
580,2000.0,0.0
581,2000.0,0.0
582,2425.682897724972,0.0017000233210930915
583,2000.0,0.0
584,2000.0,0.0
585,2000.0,0.0
586,2092.1580339212687,0.00036804580999039334
587,2169.1561384118368,0.0006755483524075439
588,2094.631980680533,0.00037792585734106217
589,2000.0,0.0
590,2000.0,0.0
591,117056.12192213206,0.45949248031225315
592,2374.870707810033,0.0014970978375632889
593,2210.070960382767,0.000838947332964881
594,2219.3192401074193,0.0008758816126738546
595,2236.162604281084,0.0009431479089096837
596,2310.3224152316234,0.0012393153348917024
597,2000.0,0.0
598,2000.0,0.0
599,2131.621948209343,0.0005256503907473363
600,2000.0,0.0
601,2375.5830986297497,0.0014999428684858932
602,2086.058006869835,0.00034368451123453943
603,5690.211390843486,0.014737367786503105
604,2381.6124135049354,0.0015240217684201144
605,2103.833186322798,0.0004146721402141177
606,2427.64179509708,0.0017078464477303362
607,24373.97911423373,0.08935356924868008
608,2169.6991524295845,0.0006777169537274114
609,2380.2194390669774,0.0015184587330177735
610,2000.0,0.0
611,2099.053566825188,0.000395584071007404
612,2125.128832803662,0.0004997192394720559
613,14988.396643232329,0.05187095209863975
614,2018.8420053612326,7.524814527773774e-05
615,2433.870138041341,0.0017327201936891187
616,2204.665792291794,0.0008173610492353909
617,117612.9987670512,0.461716444743051
618,5520.704336153401,0.014060418001573932
619,2000.0,0.0
620,2000.0,0.0
621,2000.0,0.0
622,2441.968366803221,0.0017650615863744265
623,2058.565862605497,0.00023389084405642593
624,2000.0,0.0
625,2178.781753246189,0.0007139895718826818
626,2000.0,0.0
627,2000.0,0.0
628,2262.426772559114,0.0010480374847427528
629,2207.01581845541,0.0008267462026081904
630,2485.444758034029,0.0019386905468150532
631,4369.9706448182005,0.009464804407293944
632,2082.004698902186,0.0003274970672253897
633,2309.146050547206,0.0012346173603939997
634,6491.462900480412,0.017937276121377965
635,2276.5567573746816,0.0011044675265450814
636,2470.568978839504,0.001879282072372505
637,3816.822284062246,0.007255730191873869
638,2393.441150609541,0.001571261460323126
639,2000.0,0.0
640,2285.93080239503,0.0011419040672958087
641,2052.070959621895,0.00020795255384234608
642,6584.294631874557,0.018308012435077507
643,2223.2819275858856,0.0008917071512698372
644,2475.8520933644554,0.0019003809183642598
645,2487.6624651452994,0.0019475472658156585
646,2000.0,0.0
647,2287.0027979503325,0.001146185229291892
648,2299.986830348215,0.001198038752175232
649,2000.0,0.0
650,7159.503157039708,0.02060518695747072
651,2000.0,0.0
652,2321.874502023343,0.0012854501856413413
653,2091.7597934535247,0.0003664553817956367
654,2488.432135595941,0.0019506210508388293
655,2071.978764954922,0.00028745711819952967
656,2482.3335832590724,0.0019262656415588407
657,2029.2608017552477,0.00011685704463030092
658,2334.945720447978,0.0013376518979387846
659,2000.0,0.0
660,2144.369368110211,0.0005765589690131315
661,2341.647829588579,0.0013644176944986788
662,2439.7613337759108,0.001756247495799253
663,2358.066472493945,0.0014299878078130636
664,2000.0,0.0
665,2000.0,0.0
666,2000.0,0.0
667,2000.0,0.0
668,2240.2445029339874,0.0009594495337608595
669,2270.6065570493583,0.0010807045814695652
670,2318.976546201301,0.0012738767996601352
671,2392.3652384445304,0.0015669646568063737
672,2291.545174781208,0.0011643258372114294
673,2340.6972736853054,0.0013606215184901876
674,2000.0,0.0
675,2000.0,0.0
676,2197.5182187001965,0.000788816228995055
677,2386.5002436998584,0.001543541991960504
678,40746.11236890241,0.15473793986289025
679,2000.0,0.0
680,2111.7034736930796,0.00044610321753643656
681,2241.8299194915176,0.0009657811132907246
682,2000.0,0.0
683,2021.0844460427104,8.420364119982905e-05
684,2416.5079051069574,0.001663381723545146
685,2237.2902470846866,0.0009476513058613405
686,2000.0,0.0
687,2382.22490370553,0.0015264678324516182
688,2000.0,0.0
689,2382.675736915248,0.0015282682970099559
690,2000.0,0.0
691,2172.256200706519,0.0006879288784422209
692,2123.3715637221667,0.0004927013432024525
693,2000.0,0.0
694,2409.2460497374955,0.0016343805032742152
695,2000.0,0.0
696,2000.0,0.0
697,2000.0,0.0
698,2274.111318113254,0.0010947013278160226
699,2345.9452847810253,0.0013815801740992353
700,2498.994696053412,0.001992804091792845
701,2000.0,0.0
702,2026.353560905026,0.0001052465776093664
703,2000.0,0.0
704,2159.8975436984265,0.000638572878369317
705,2498.064029810334,0.001989087347883606
706,2260.7048080965264,0.0010411605823345584
707,2176.1702723306976,0.0007035602629237078
708,2013.8952743374352,5.5492693159331016e-05
709,2432.2390082284437,0.0017262060519735948
710,2097.5332769042793,0.0003895125836768567
711,2000.0,0.0
712,2000.0,0.0
713,2000.0,0.0
714,2000.0,0.0
715,2000.0,0.0
716,2062.623933200131,0.00025009730827284075
717,2207.6322119614374,0.0008292078550279063
718,14487.949274013848,0.04987234655634997
719,2000.0,0.0
720,2036.3054172042218,0.00014499068733803827
721,2467.367418275661,0.001866496199011105
722,2301.570497259933,0.0012043633442534018
723,2610.9307825642104,0.002439836280676311
724,2000.0,0.0
725,2417.597439018396,0.0016677329273836524
726,2000.0,0.0
727,2000.0,0.0
728,2427.251851538359,0.00170628915438527
729,2123.633644228058,0.0004937479978235348
730,2293.8543595343813,0.0011735478847827267
731,2172.5958353310125,0.0006892852561247061
732,2222.751367207596,0.0008895882852755482
733,2000.0,0.0
734,2000.0,0.0
735,2000.0,0.0
736,2000.0,0.0
737,2399.4514922326457,0.0015952645879602056
738,2000.0,0.0
739,5135.321507942892,0.012521338562376057
740,2333.5795401130995,0.001332195868479942
741,2327.059287500571,0.0013061563410289752
742,2050.709006867354,0.00020251340780824342
743,2081.0058468693805,0.0003235080139672806
744,2495.76139914802,0.001979891474977461
745,2239.677981583219,0.0009571870526667164
746,2351.710754494306,0.0014046053720153748
747,2422.0431753753855,0.0016854875882514157
748,2330.071868983471,0.0013181875003849056
749,3355.799459677837,0.0054145720030004466
750,2149.7365869900577,0.0005979936973377013
751,2000.0,0.0
752,2222.3377012511987,0.000887936253265862
753,2464.2795425502486,0.0018541643417204004
754,2110.185651440089,0.00044004158517782326
755,2046.3779942942137,0.00018521691218289366
756,2000.0,0.0
757,2467.819617863376,0.0018683021203882919
758,4305.498353381408,0.009207325425656136
759,2000.0,0.0
760,2000.0,0.0
761,2000.0,0.0
762,2064.0942739294096,0.00025596931662245047
763,2112.87024100569,0.00045076286360708553
764,2000.0,0.0
765,2000.0,0.0
766,2000.0,0.0
767,2007.6035023919424,3.0365634742133066e-05
768,2000.0,0.0
769,2258.551780487931,0.0010325621698422278
770,2000.0,0.0
771,7785.509986378184,0.023105231508770814
772,2015.300621742478,6.110514171100805e-05
773,2033.2877064553184,0.00013293904355139198
774,2000.0,0.0
775,2000.0,0.0
776,2390.2116509927023,0.001558364008502934
777,2000.0,0.0
778,2106.5338846503,0.00042545775120419495
779,2091.601605205766,0.00036582363522618365
780,2000.0,0.0
781,2045.0616161171595,0.00017995977450522248
782,2324.4649100212673,0.0012957953369996701
783,2372.9629649719654,0.001489479003608022
784,2000.0,0.0
785,2000.0,0.0
786,2000.0,0.0
787,7843.463770159925,0.02333667793168584
788,2246.60668612705,0.0009848577891995395
789,9992.793632885092,0.031920322966247076
790,2000.0,0.0
791,23449.261331026577,0.08566058133377132
792,2444.307694071321,0.0017744040122334229
793,2000.0,0.0
794,2068.615684191653,0.0002740261916604741
795,2269.246433277422,0.0010752727397295696
796,2000.0,0.0
797,2000.0,0.0
798,2000.0,0.0
799,4999.301529601774,0.01197812403214638
800,2835.155540885707,0.00333530875643287
801,2000.0,0.0
802,2000.0,0.0
803,2000.0,0.0
804,2196.119429302637,0.0007832299707501069
805,2000.0,0.0
806,2155.369640344541,0.0006204900722749217
807,2172.156306212901,0.0006875299360141682
808,2379.548266471823,0.0015157783127557906
809,2000.0,0.0
810,2382.695567473894,0.0015283474930790214
811,2195.295269141579,0.000779938573558436
812,2000.0,0.0
813,2318.3499105082274,0.0012713742436548364
814,2384.3932334324686,0.0015351273560625413
815,2000.0,0.0
816,4574.274721001209,0.010280720893395988
817,2063.5659442389265,0.0002538593591873556
818,2182.7395634666573,0.0007297956324766493
819,2487.7196268941148,0.001947775549137774
820,2000.0,0.0
821,2350.52747665609,0.0013998797888851843
822,2000.0,0.0
823,2339.370817793193,0.0013553241340684887
824,2180.587135090114,0.0007211996131001076
825,2000.0,0.0
826,2031.220875031389,0.0001246848674023686
827,2000.0,0.0
828,2000.0,0.0
829,2000.0,0.0
830,2000.0,0.0
831,2000.0,0.0
832,2000.0,0.0
833,2280.146656680695,0.0011188042841954703
834,9236.76872205134,0.0289010332869725
835,2290.8643091659064,0.0011616067065375654
836,2000.0,0.0
837,2412.0155656941565,0.0016454409469510121
838,34237.86010445047,0.12874633745589473
839,2000.0,0.0
840,2000.0,0.0
841,2254.476341543761,0.0010162863427281774
842,24937.30830718038,0.09160330202060976
843,2000.0,0.0
844,2105.8341612656345,0.0004226633094293348
845,2493.4195807429687,0.001970539100419713
846,2000.0,0.0
847,2013.4216049099355,5.360102901791862e-05
848,18494.888755224147,0.06587461162424853
849,2167.7110673073325,0.000669777261787215
850,2000.0,0.0
851,2417.8417598032747,0.0016687086561111668
852,2404.304240102154,0.0016146447053988888
853,2128.9603304891,0.0005150208535485683
854,2197.433623888605,0.0007884783879558259
855,2000.0,0.0
856,2000.0,0.0
857,2175.6540871126913,0.0007014988061132404
858,2000.0,0.0
859,2230.8968373282814,0.0009221183428382053
860,2368.996141474081,0.0014736369472484537
861,5155.248639501385,0.012600920308678243
862,2176.571019748582,0.0007051607029693666
863,2000.0,0.0
864,2399.110798323041,0.0015939039798766336
865,2000.0,0.0
866,2188.616106588335,0.0007532644173577265
867,2142.832672071689,0.0005704219615907512
868,2016.933200047399,6.76250681790648e-05
869,2242.096610879835,0.000966846182106261
870,2280.615707772347,0.0011206775043761594
871,2153.5502362555094,0.0006132240312890693
872,2306.737789747803,0.0012249996389770961
873,2486.73366079435,0.001943837957629247
874,2035.417910320644,0.00014144630627932996
875,2111.6664415084247,0.00044595532440311857
876,2000.0,0.0
877,2336.8228450483025,0.0013451484537417152
878,2116.184053636795,0.0004639970310700483
879,2026.3691442884522,0.0001053088119988329
880,2000.0,0.0
881,8730.035346494871,0.026877323712013727
882,2016.0057920324452,6.392133645290003e-05
883,2246.065278567376,0.0009826956034913962
884,2000.0,0.0
885,2469.2397036328257,0.0018739734286295183
886,2000.0,0.0
887,2000.0,0.0
888,2387.1862884461707,0.0015462818062078627
889,2430.066195313545,0.001717528624133666
890,2000.0,0.0
891,2075.8407105398624,0.00030288033015913457
892,2286.795923650264,0.0011453590482624655
893,2402.692587048641,0.001608208346806318
894,2003.2421560298444,1.2947996949877819e-05
895,2113.6155894795434,0.00045373951546381734
896,2293.373128415788,0.0011716260219857555
897,2284.9087813222363,0.0011378224852832755
898,2326.368104020868,0.0013033960045415825
899,2155.947054913221,0.0006227960569361365
900,2000.0,0.0
901,3626.216864746593,0.00649452117996592
902,3155.0640336434744,0.004612907413110217
903,2762.2665612389233,0.003044216570412584
904,2000.0,0.0
905,2000.0,0.0
906,2294.8802920861217,0.0011776450878255278
907,2000.0,0.0
908,2483.379706965824,0.0019304434807619914
909,2001.7157442845446,6.852061269895307e-06
910,29455.680523473064,0.10964804420341515
911,2275.450026952659,0.0011000476460714774
912,2410.0568707904345,0.0016376186288991727
913,2015.7039105200658,6.271573102690185e-05
914,2000.0,0.0
915,16839.109520344457,0.05926202904477223
916,2164.7914989984406,0.0006581175633610693
917,2027.3119820998375,0.00010907416474363434
918,2181.419804694167,0.000724524993925179
919,2448.305095653196,0.0017903681863857823
920,4069.740797850658,0.008265795134756072
921,2000.0,0.0
922,2001.7647863064033,7.047917343322441e-06
923,74973.89392446412,0.29143130289137015
924,2015.2855860744946,6.104509469865085e-05
925,2000.0,0.0
926,13748.204517677397,0.046918073917845235
927,2000.0,0.0
928,2247.649658714942,0.0009890230439752248
929,2000.0,0.0
930,2463.918713484646,0.0018527233211162574
931,2000.0,0.0
932,2000.0,0.0
933,2302.8036504002066,0.00120928811127634
934,2404.828841534296,0.0016167397735204567
935,2000.0,0.0
936,2000.0,0.0
937,2000.0,0.0
938,2117.60984109321,0.0004696911097839974
939,2074.7333129974168,0.0002984577854481772
940,2000.0,0.0
941,2000.0,0.0
942,2085.1930722610246,0.000340230275666098
943,2467.465878108487,0.001866889411923556
944,2222.015360602131,0.0008866489414577523
945,2096.405245302895,0.00038500763400767246
946,2000.0,0.0
947,2000.0,0.0
948,2000.0,0.0
949,2311.842842085787,0.0012453873690840764
950,2401.3686378116954,0.0016029209730575016
951,2507.8114826034093,0.002028015144039016
952,2487.6548866006033,0.0019475169998529156
953,2485.893346483626,0.001940482046614466
954,2462.399306214385,0.0018466553587727225
955,2000.0,0.0
956,2000.0,0.0
957,2000.0,0.0
958,2142.318603251569,0.0005683689569069318
959,2000.0,0.0
960,2376.637566241714,0.0015041540302244954
961,2193.4049432618476,0.0007723892966267493
962,2133.8915218417637,0.0005347142458485728
963,2000.0,0.0
964,4156.958258771581,0.008614110085543433
965,2000.0,0.0
966,2381.546526235839,0.001523758638530175
967,2167.3822880489743,0.0006684642365055136
968,2288.1035420157064,0.0011505812024251594
969,4882.4401911172645,0.011511422170691342
970,2000.0,0.0
971,2023.883971541227,9.53839321180417e-05
972,2308.011977395228,0.0012300882829598524
973,2317.8823901396545,0.001269507136627733
974,2000.0,0.0
975,2453.231085390479,0.0018100408053178616
976,2000.0,0.0
977,2416.8976659389045,0.0016649382871456574
978,2000.0,0.0
979,2000.0,0.0
980,2377.1828288543657,0.0015063316116180198
981,2000.0,0.0
982,2030.8543450479756,0.00012322107939722986
983,2059.887439955301,0.0002391687453470407
984,2000.0,0.0
985,2268.196161068789,0.0010710783329123952
986,2381.0677195217627,0.0015218464579267836
987,2399.6601118844574,0.001596097739292368
988,2000.0,0.0
989,2124.6803154302515,0.0004979280235251887
990,2000.0,0.0
991,16801.549587683603,0.059112028277056645
992,2000.0,0.0
993,2000.0,0.0
994,2452.015208646012,0.0018051850339626668
995,2410.391062884464,0.0016389532710861417
996,2321.886970662154,0.0012854999808689007
997,2114.129217030183,0.00045579075787714925
998,2092.486332409497,0.0003693569152503195
999,2123.7965329459985,0.0004943985163684932
1000,2129.254410861671,0.000516195304047562
1001,2047.6504677581522,0.0001902987103376448
1002,2000.0,0.0
1003,2000.0,0.0
1004,2461.799772676547,0.001844261038959667
1005,2085.6246076690804,0.00034195367179381056
1006,2462.564419924151,0.0018473147631291927
1007,2000.0,0.0
1008,2143.533241631947,0.0005732197826844605
1009,2000.0,0.0
1010,2000.0,0.0
1011,2000.0,0.0
1012,2000.0,0.0
1013,2433.4787261033566,0.0017311570361690874
1014,4248.582450105175,0.008980023921583992
1015,2186.5033695316733,0.0007448269107375224
1016,2072.011305591418,0.0002875870737162351
1017,2020.3609961962225,8.131444452962218e-05
1018,2125.5088730768543,0.0005012369826814592
1019,2467.2841279559275,0.001866163567639901
1020,2000.0,0.0
1021,2490.8831188156614,0.001960409390129418
1022,11412.04726909704,0.0375883079687015
1023,2293.291706185212,0.0011713008510860698
1024,2075.007437611162,0.0002995525398739318
1025,2000.0,0.0
1026,2436.5326866188543,0.0017433534483946907
1027,2000.0,0.0
1028,2000.0,0.0
1029,2000.0,0.0
1030,2335.565624396708,0.0013401275697952544
1031,2198.1669959905666,0.000791407210520784
1032,2300.6708677958877,0.0012007705499988228
1033,2334.908307089902,0.0013375024825368741
1034,2000.0,0.0
1035,2439.0266528745437,0.0017533134463634855
1036,2050.391682336298,0.00020124612855875086
1037,2211.2109194113314,0.0008434999164583842
1038,2000.0,0.0
1039,2494.6947987289427,0.0019756318592014706
1040,2000.0,0.0
1041,2000.0,0.0
1042,2066.609633229211,0.00026601475066136485
1043,2000.0,0.0
1044,2000.0,0.0
1045,2205.826250424168,0.0008219954987252129
1046,2014.3419132561867,5.72764072386215e-05
1047,2437.4819601239965,0.0017471445029694985
1048,2000.0,0.0
1049,6705.833679828318,0.018793395373995436
1050,2068.8795441239263,0.00027507995266605814
1051,2227.961040903423,0.0009103938351943362
1052,2179.7562853727923,0.0007178815002435203
1053,2078.2271782071984,0.0003124110176995279
1054,2460.0488756995496,0.0018372685905676013
1055,2000.0,0.0
1056,2385.918131958081,0.0015412172484911453
1057,2242.4752487038627,0.0009683583244416358
1058,2376.806049046327,0.0015048268895255755
1059,2000.0,0.0
1060,2059.7061507381445,0.00023844474187244454
1061,2413.9901517498606,0.0016533267285084637
1062,2299.6948951382938,0.0011968728686789325
1063,2493.4461731981028,0.00197064530105435
1064,2125.131049277795,0.0004997280912669867
1065,2227.9965750409206,0.0009105357456698649
1066,2000.0,0.0
1067,2458.0284797327936,0.0018291998608166889
1068,2000.0,0.0
1069,2290.8085701493033,0.0011613841050926253
1070,2022.5121632952655,8.990542682063216e-05
1071,2149.455144050399,0.0005968697161687769
1072,2275.8260280172367,0.0011015492581445824
1073,21543.256592917598,0.0780486887202403
1074,2107.1473214010834,0.0004279075954143341
1075,2425.669061527607,0.0016999680643319647
1076,2035.440790342248,0.00014153768079900458
1077,2217.65743851466,0.0008692449789781658
1078,2000.0,0.0
1079,2026.5253345848105,0.00010593257947400479
1080,5667.959781609348,0.014648502918236014
1081,2000.0,0.0
1082,2000.0,0.0
1083,2233.9919385174067,0.0009344790560140859
1084,2224.414190674442,0.0008962289999662424
1085,216586.71761382406,0.8569816318437403
1086,2000.0,0.0
1087,2000.0,0.0
1088,2000.0,0.0
1089,2322.52113803521,0.0012880326156762493
1090,2388.504321116904,0.00155154555133407
1091,2000.0,0.0
1092,2234.279327078389,0.0009356267818412135
1093,2000.0,0.0
1094,2000.0,0.0
1095,2000.0,0.0
1096,2000.0,0.0
1097,2239.789237879422,0.0009576313700193143
1098,2428.261528148202,0.0017103214370836565
1099,2000.0,0.0
1100,2133.663227960575,0.0005338025227698256
1101,2261.112880994746,0.0010427902776955576
1102,2462.3379747884524,0.0018464104232703595
1103,2188.0483863097393,0.0007509971481800635
1104,4039.8749338940556,0.008146521690832983
1105,2200.382525531149,0.0008002552330927271
1106,2000.0,0.0
1107,2480.902712553366,0.0019205512621882585
1108,21800.99699731273,0.07907801054782938
1109,3189.3495157176476,0.004749831211112249
1110,2248.3421766088113,0.0009917887096295049
1111,2000.0,0.0
1112,2020.0491569078042,8.00690713525995e-05
1113,2400.086090658009,0.0015977989442343531
1114,2188.181955546597,0.000751530575336409
1115,2055.154309116781,0.00022026633500762428
1116,2448.7499995485805,0.0017921449714101301
1117,2383.1875009177834,0.0015303120970870925
1118,83710.65570644235,0.3263227651971778
1119,2000.0,0.0
1120,4192.8197347362475,0.008757327832355851
1121,2091.85940487397,0.00036685319373196135
1122,2205.76200009189,0.0008217389061680683
1123,2000.0,0.0
1124,2000.0,0.0
1125,2430.137468204429,0.0017178132622464766
1126,2439.099599598805,0.001753604769160583
1127,2374.6583086095834,0.0014962495920827316
1128,4277.89497017733,0.009097087510440851
1129,2295.9932206237504,0.0011820897213280484
1130,2311.7337828495997,0.0012449518259934553
1131,2310.0720735701125,0.0012383155609635398
1132,2084.486104753845,0.0003374069034895715
1133,2065.1617556114174,0.00026023245184341424
1134,2000.0,0.0
1135,2215.8553554874325,0.0008620481120398746
1136,2000.0,0.0
1137,2000.0,0.0
1138,2168.769099276844,0.000674002658278933
1139,2027.9859105800347,0.00011176559101235863
1140,2000.0,0.0
1141,2352.8448134022647,0.0014091343925640674
1142,2388.455935435501,0.0015513523164467115
1143,2000.0,0.0
1144,7431.550207351068,0.021691644347315645
1145,45569.2239440266,0.17399970067537815
1146,2000.0,0.0
1147,2338.008668544602,0.0013498842033083155
1148,2371.3390929874595,0.0014829938470304772
1149,2000.0,0.0
1150,2363.958302011749,0.0014535176410238916
1151,2000.0,0.0
1152,2012.0500721252236,4.8123623812975844e-05
1153,2498.887612009533,0.0019923764369049364
1154,2000.0,0.0
1155,2000.0,0.0
1156,2038.2402660374348,0.00015271777282075544
1157,2195.7348207758887,0.0007816939835905163
1158,2446.3206259306025,0.0017824429330424076
1159,2484.6569164264274,0.0019355441927721533
1160,2000.0,0.0
1161,2000.0,0.0
1162,2332.590379116795,0.0013282455177117507
1163,2000.0,0.0
1164,2407.879247605089,0.0016289219905812474
1165,2230.7626057832695,0.0009215822706629632
1166,2000.0,0.0
1167,2366.0234279392057,0.0014617650060376932
1168,2000.0,0.0
1169,2038.7963157437232,0.00015493843395943292
1170,2141.747942847464,0.0005660899459328291
1171,2100.6129192642225,0.00040181155988781164
1172,2248.93033249212,0.000994137591211093
1173,2222.1493878954043,0.0008871841979255259
1174,2493.6336044224436,0.001971393833481149
1175,2499.53752737935,0.0019949719635077925
1176,2113.1675221085125,0.0004519500966634754
1177,2000.0,0.0
1178,2282.2746391749743,0.0011273026755719787
1179,2481.3312625732715,0.0019222627357569338
1180,2000.0,0.0
1181,2068.967108670059,0.00027542965374947534
1182,2039.8215398523644,0.0001590328077370768
1183,2000.0,0.0
1184,2237.8115449787556,0.0009497331808483098
1185,2000.0,0.0
1186,2329.971099705202,0.0013177850643837832
1187,2365.6960602255886,0.0014604576179544602
1188,146166.0906057986,0.5757471522828804
1189,2033.3327984319044,0.00013311912457461376
1190,2000.0,0.0
1191,2299.0566237336434,0.001194323843855781
1192,2341.1115470741784,0.0013622759763651845
1193,2093.005957113093,0.00037143210812052956
1194,210127.07619407302,0.8311841635447657
1195,5879.601931928898,0.015493725014760042
1196,2000.0,0.0
1197,2403.2550237271685,0.0016104545151989034
1198,2000.0,0.0
1199,2000.0,0.0
1200,2127.0720106191684,0.0005074795878934907
1201,2000.0,0.0
1202,2000.0,0.0
1203,2000.0,0.0
1204,2049.0533277554105,0.00019590122508351092
1205,2319.699105033784,0.0012767624379431096
1206,2000.0,0.0
1207,2221.8060851726846,0.000885813171187225
1208,2358.5018539329494,0.001431726563595439
1209,2000.0,0.0
1210,2000.0,0.0
1211,2388.640778896429,0.0015520905142836668
1212,2358.499687960076,0.0014317179134842473
1213,3358.9240513019886,0.005427050490293073
1214,2355.3599034351846,0.0014191787512485808
1215,2000.0,0.0
1216,2015.5852143510033,6.224170151664966e-05
1217,2290.238044885098,0.0011591056338183386
1218,2000.0,0.0
1219,2301.8631315468424,0.0012055320196100033
1220,2103.342883512651,0.00041271404836663514
1221,2300.2127903585865,0.0011989411546192083
1222,2071.7437102858635,0.00028651839498263117
1223,2000.0,0.0
1224,2000.0,0.0
1225,2000.0,0.0
1226,2373.3209671301183,0.0014909087345676506
1227,2000.0,0.0
1228,2000.0,0.0
1229,2000.0,0.0
1230,2000.0,0.0
1231,2358.4860982455198,0.001431663641086189
1232,2018.8052987793697,7.510155248404392e-05
1233,2492.310765888386,0.0019661108954773954
1234,2000.0,0.0
1235,3975.681209755064,0.00789015520609201
1236,2058.9836057610005,0.00023555915892267514
1237,2014.334541357659,5.72469665458316e-05
1238,2400.067359243266,0.0015977241377479502
1239,2480.4765166627194,0.0019188491901592289
1240,6516.994202628459,0.01803923889531491
1241,2000.0,0.0
1242,2000.0,0.0
1243,2224.8591032760505,0.0008980058197600952
1244,2000.0,0.0
1245,2287.780104624464,0.0011492895106260184
1246,2153.1365206477158,0.0006115718009896895
1247,3423.850340773867,0.005686342575655513
1248,2362.8375398710286,0.001449041722947771
1249,2268.426217394142,0.001071997094554817
1250,40781.19385977598,0.15487804263174126
1251,2000.0,0.0
1252,2181.2467619648123,0.0007238339239361777
1253,2088.9536604978207,0.00035524870308648385
1254,2000.0,0.0
1255,2034.9248698518413,0.00013947728121469286
1256,2306.328254986289,0.0012233641054635504
1257,2361.289187726344,0.0014428581652589471
1258,7252.442820388095,0.020976354312305066
1259,2008.2955846856826,3.312956076726055e-05
1260,2000.0,0.0
1261,2117.5347766154027,0.00046939132944623894
1262,2000.0,0.0
1263,2151.276109637778,0.0006041419932134879
1264,12570.407142757243,0.04221437777316213
1265,2000.0,0.0
1266,2000.0,0.0
1267,2000.0,0.0
1268,9783.532777381582,0.031084610898768857
1269,2217.032610582847,0.0008667496425166128
1270,2000.0,0.0
1271,2412.211169458895,0.0016462221175442548
1272,2075.964752229872,0.00030337570774402467
1273,2080.8734053429284,0.00032297909047786406
1274,2448.433555074124,0.0017908812067879611
1275,2000.0,0.0
1276,2000.0,0.0
1277,2168.6170601237777,0.0006733954689666227
1278,4729.195210576287,0.010899417220169608
1279,2243.6216073671662,0.0009729364657584914
1280,2000.0,0.0
1281,2000.0,0.0
1282,2000.0,0.0
1283,2038.1872274176499,0.00015250595578268633
1284,2000.0,0.0
1285,2000.0,0.0
1286,2388.225508975153,0.0015504320766191737
1287,2643.466173162077,0.002569770847164303
1288,2000.0,0.0
1289,2000.0,0.0
1290,2000.0,0.0
1291,2000.0,0.0
1292,2188.3880538734306,0.0007523536574097749
1293,2000.0,0.0
1294,2410.6923624502724,0.001640156552428303
1295,2443.733296735644,0.0017721100773080527
1296,2000.0,0.0
1297,2000.0,0.0
1298,2000.0,0.0
1299,2195.6554050482496,0.0007813768259368505
1300,2000.0,0.0
1301,33404.05667925591,0.12541642855982751
1302,2381.905854344213,0.0015251936648547591
1303,20551.94034812122,0.07408973067015417
1304,2303.4172119503137,0.0012117384538897803
1305,2355.847086590419,0.0014211243843242072
1306,2120.848421508817,0.00048262482702561386
1307,2497.341769215323,0.0019862029006530793
1308,2000.0,0.0
1309,2021.0119713488907,8.391420352135692e-05
1310,2000.0,0.0
1311,2458.916398970113,0.0018327458886668972
1312,8213.501504410424,0.024814474623242683
1313,2344.9527723557803,0.0013776164389376674
1314,2000.0,0.0
1315,2482.907315120351,0.0019285569188204846
1316,2098.911637501052,0.00039501725669029673
1317,2094.9376610165164,0.0003791466338926887
1318,2476.7077828365905,0.0019037982322051908
1319,2004.585888973716,1.8314379658958962e-05
1320,2018.0200196439944,7.196543202714865e-05
1321,2167.802162243949,0.0006701410619715988
1322,2000.0,0.0
1323,2000.0,0.0
1324,10085.227692923914,0.032289471124580756
1325,2000.0,0.0
1326,2392.915685064816,0.0015691629412488625
1327,2171.464932901981,0.0006847688414096456
1328,2000.0,0.0
1329,3018.313303347584,0.004066774524234502
1330,2045.2152029498839,0.00018057314468955359
1331,2206.519345715767,0.0008247634702969065
1332,2441.4155131911943,0.0017628536892786793
1333,2446.2236957255864,0.0017820558289094336
1334,2714.966516053189,0.0028553173209142912
1335,2000.0,0.0
1336,2060.837200148204,0.00024296174357649712
1337,2154.347384342794,0.0006164075520412333
1338,2069.4543291597984,0.00027737543592559234
1339,2227.0027278533607,0.0009065666799510305
1340,2143.519218703811,0.0005731637801882628
1341,2000.0,0.0
1342,2000.0,0.0
1343,2002.8742300477847,1.1478633831744564e-05
1344,2000.0,0.0
1345,2000.0,0.0
1346,2278.4910417163087,0.0011121923576528515
1347,2011.2773692176643,4.5037728255160545e-05
1348,2000.0,0.0
1349,2150.1379284598856,0.0005995965098116712
1350,2304.4316339787415,0.0012157896880713136
1351,2000.0,0.0
1352,2361.4319055389956,0.001443428128513613
1353,2442.0038877000393,0.0017652034439714775
1354,2177.9156232590726,0.0007105305624062249
1355,2235.1581271932637,0.0009391363912191111
1356,2000.0,0.0
1357,2456.415912817525,0.001822759852591246
1358,2013.987787411955,5.586215687288301e-05
1359,2439.120320436344,0.0017536875206811096
1360,2163.1820198001938,0.0006516898863591115
1361,2000.0,0.0
1362,2000.0,0.0
1363,2244.3350445359374,0.0009757856754202543
1364,2150.1344110655464,0.0005995824626125988
1365,2000.0,0.0
1366,2294.7679689779084,0.0011771965100121334
1367,2381.716269655345,0.0015244365322705736
1368,2097.1339859514464,0.0003879179602251162
1369,2072.6059522858036,0.00028996187724644393
1370,2000.0,0.0
1371,2329.319769994879,0.0013151838894171885
1372,94579.65610650979,0.36972961629652096
1373,2403.0108958260316,0.0016094795567791979
1374,2568.9113718141116,0.002272025972591277
1375,2152.0623285045644,0.0006072818666172913
1376,2000.0,0.0
1377,2000.0,0.0
1378,2319.9263227050624,0.0012776698630292526
1379,2097.2723830770256,0.00038847066822046694
1380,2129.1903390018,0.0005159394242445717
1381,2472.3327627853882,0.0018863259866509444
1382,2470.8639297777227,0.001880459999595397
1383,4077.1278405036956,0.008295296307697689
1384,27403.483452165383,0.10145231235854302
1385,2000.0,0.0
1386,2175.418155441264,0.0007005565804665114
1387,2402.5179397244297,0.0016075108686466055
1388,2000.0,0.0
1389,2000.0,0.0
1390,2348.7703217919375,0.0013928623487582809
1391,2085.4108410897375,0.0003410999654971849
1392,2151.514144287343,0.0006050926173932509
1393,2861.91445192062,0.0034421741556526393
1394,2185.7691443952576,0.0007418946814619042
1395,2039.983508532881,0.0001596796519857807
1396,2000.0,0.0
1397,2034.0954341232366,0.00013616481531692794
1398,2000.0,0.0
1399,2335.8004467340575,0.0013410653651634522
1400,2370.173486549633,0.0014783388370732727
1401,2000.0,0.0
1402,2000.0,0.0
1403,2399.467405067851,0.0015953281380607573
1404,2335.2879990358665,0.001339018834653486
1405,2116.365955013782,0.00046472347928929597
1406,2070.940571745201,0.0002833109505292787
1407,2252.101415662768,0.0010068017489022717
1408,2000.0,0.0
1409,2234.664592636123,0.0009371653929446007
1410,2001.387206299901,5.539999548026531e-06
1411,3286.8848778817355,0.005139352122561549
1412,2000.0,0.0
1413,2069.3817577476075,0.00027708561198897495
1414,2117.8007151858974,0.00047045339178004505
1415,2000.0,0.0
1416,2000.0,0.0
1417,2000.0,0.0
1418,3856.946517000823,0.007415971846168901
1419,2000.0,0.0
1420,2457.8558365836834,0.0018285103866064658
1421,2023.9952491966537,9.582833477164363e-05
1422,2347.1756820053993,0.001386493934992199
1423,2479.533698487077,0.0019150839158324738
1424,2000.0,0.0
1425,2221.335574347995,0.0008839341213614654
1426,2397.1272693929714,0.0015859824837178675
1427,2207.3875471733827,0.0008282307524762975
1428,2043.2208970859303,0.00017260860936000808
1429,2044.8610861103505,0.0001791589302853197
1430,2000.0,0.0
1431,2127.68060103142,0.0005099100775827654
1432,5339.851599352788,0.013338157671436842
1433,2494.8343974294776,0.0019761893658520116
1434,2466.966020777547,0.0018648931627804517
1435,2000.0,0.0
1436,2264.6376029035905,0.0010568667404273896
1437,2000.0,0.0
1438,2422.391322724909,0.0016868779626745597
1439,2000.0,0.0
1440,167584.15551023287,0.6612831463874603
1441,2369.9805950302216,0.0014775684982055552
1442,2000.0,0.0
1443,2000.0,0.0
1444,3049.07385480922,0.004189621026017739
1445,2000.0,0.0
1446,2127.9185223806962,0.0005108602492822096
1447,2432.5958863029673,0.001727631293750323
1448,2153.9584908394586,0.0006148544522370705
1449,2017.786641178259,7.103340295924049e-05
1450,2056.0128438831935,0.00022369501192340095
1451,2000.0,0.0
1452,2475.0018570892794,0.001896985382616961
1453,2000.0,0.0
1454,2000.0,0.0
1455,2000.0,0.0
1456,2471.498555913183,0.0018829944665336353
1457,2000.0,0.0
1458,2393.842432400945,0.0015728640344630854
1459,2266.275115521158,0.001063406372753064
1460,2364.0153433272226,0.001453745443378859
1461,2480.718032294317,0.001919813716120499
1462,2373.723724413497,0.001492517201288169
1463,2454.7058810222825,0.0018159306049346912
1464,2000.0,0.0
1465,3311.904046880608,0.005239269622183374
1466,2136.540555264838,0.00054529352592219
1467,2134.7964760638883,0.0005383283052584186
1468,2419.137261056411,0.0016738824189158428
1469,2477.443054917369,0.0019067346425974165
1470,2263.870658434545,0.0010538038419874267
1471,2086.3507115774273,0.00034485346782584143
1472,2065.123086321476,0.00026007802070450274
1473,2009.0731657785454,3.623493803041333e-05
1474,2000.0,0.0
1475,2013.2054733475452,5.2737877835544456e-05
1476,2000.0,0.0
1477,2331.3060786031583,0.001323116486603989
1478,2323.8958750978495,0.0012935228176067202
1479,2056.8583143361807,0.0002270715147029475
1480,2444.5475908356966,0.0017753620730253262
1481,2189.776806875162,0.0007578998339247325
1482,2000.0,0.0
1483,2000.0,0.0
1484,2000.0,0.0
1485,2480.5888195117286,0.001919297687064699
1486,2000.0,0.0
1487,2112.604541030441,0.000449701754136278
1488,2448.941545312157,0.001792909935816444
1489,2481.7541839314854,0.0019239517304893861
1490,2000.0,0.0
1491,2000.0,0.0
1492,2000.0,0.0
1493,4153.682704332238,0.008601028707442145
1494,2000.0,0.0
1495,2154.8557717629883,0.0006184378672714191
1496,2429.9590370365136,0.0017171006727854307
1497,2129.775106955472,0.0005182747756622176
1498,2200.7916453592643,0.0008018891095125571
1499,10054.260708300531,0.032165800203514776
1500,2000.0,0.0
1501,2340.46689653908,0.001359701475605395
1502,2194.231126804467,0.0007756887744715529
1503,2391.3094633541796,0.0015627482734726344
1504,2459.074485604627,0.0018333772294298542
1505,2187.9683212038444,0.0007506773971448343
1506,2000.0,0.0
1507,2000.0,0.0
1508,2050.27325254067,0.00020077316284752324
1509,2456.5549214595785,0.0018233150027619181
1510,10196.625944916865,0.03273435539719106
1511,2316.6185709322963,0.001264459900439394
1512,2132.381353736604,0.000528683181384243
1513,2000.0,0.0
1514,3880.4908507294267,0.00750999938787222
1515,2222.553508018255,0.0008887981073333051
1516,2238.2827157479146,0.0009516148662532635
1517,2047.807797447237,0.00019092702813470336
1518,2000.0,0.0
1519,2277.525423610141,0.0011083360286611808
1520,2000.0,0.0
1521,2449.335753492101,0.00179448426051413
1522,2000.0,0.0
1523,2000.0,0.0
1524,2098.118161892303,0.000391848402487318
1525,2115.639678487755,0.00046182299388477024
1526,2106.5543318225955,0.00042553940980485233
1527,2049.3339914710714,0.00019702209431400781
1528,2495.8519142636865,0.0019802529595669693
1529,42050.236826836735,0.15994614062440793
1530,23349.380349483858,0.08526169286805241
1531,2089.0244901364654,0.0003555315710103875
1532,2082.357264591865,0.00032890508689889346
1533,2037.4128501716489,0.00014941337352354124
1534,2000.0,0.0
1535,2174.365304919693,0.0006963518768012666
1536,2000.0,0.0
1537,2210.08718418324,0.0008390121249480867
1538,2000.0,0.0
1539,2485.1096810024014,0.0019373523705078204
1540,2075.204063210138,0.00030033779130303473
1541,2417.404297272559,0.0016669615892022163
1542,2080.448938586348,0.0003212839239840441
1543,2000.0,0.0
1544,2357.7708368750455,0.0014288071462235062
1545,2218.5469837337073,0.0008727975004105028
1546,2325.405638059156,0.0012995522640732362
1547,2042.5358908070987,0.00016987294237565814
1548,2210.3493953973157,0.0008400593015703162
1549,2384.983203037286,0.001537483480990946
1550,2204.85235429751,0.0008181061103178112
1551,2000.0,0.0
1552,3218.8420333253653,0.004867613644935235
1553,2237.483350891254,0.0009484224925270738
1554,2468.4695700053003,0.0018708977938456262
1555,2000.0,0.0
1556,2040.065414011305,0.00016000675280235244
1557,2349.6983689496474,0.0013965686329891324
1558,2104.6098517941928,0.0004177738608167423
1559,2289.258474492586,0.0011551935844482022
1560,2067.7675715628734,0.00027063913698774714
1561,2000.0,0.0
1562,2296.1630742248085,0.0011827680550936612
1563,2000.0,0.0
1564,2000.0,0.0
1565,2201.4599862273667,0.0008045582208822781
1566,2297.8158401536557,0.0011893686036201917
1567,2415.750309494252,0.001660356161051469
1568,2000.0,0.0
1569,2000.0,0.0
1570,2464.8373276181037,0.0018563919332646676
1571,2086.332850585089,0.00034478213749127885
1572,2000.0,0.0
1573,2000.0,0.0
1574,2123.5130832210302,0.0004932665208258503
1575,24295.65552918684,0.08904077321697913
1576,2406.2604528272623,0.001622457110528332
1577,2308.4368181838936,0.0012317849432023562
1578,2266.526043074108,0.001064408486519437
1579,2000.0,0.0
1580,2000.0,0.0
1581,2082.723940869342,0.00033036945914954007
1582,2000.0,0.0
1583,4611.584995389071,0.01042972461638964
1584,2000.0,0.0
1585,2000.0,0.0
1586,2140.191753526606,0.000559875089400811
1587,2264.0225572193544,0.001054410470719757
1588,2000.0,0.0
1589,2084.8984814105197,0.0003390537865031202
1590,23208.05866569239,0.08469730524640814
1591,3423.827439515351,0.005686251116323303
1592,2298.3921031619575,0.0011916699893663243
1593,2352.058476975003,0.0014059940496663047
1594,2058.5925065364854,0.00023399725026698216
1595,2356.445666111889,0.001423514894141411
1596,2000.0,0.0
1597,2000.0,0.0
1598,2000.0,0.0
1599,2073.9876315428573,0.0002954798037871041
1600,2013.6480179323546,5.450524062794275e-05
1601,2000.0,0.0
1602,2301.4245673846253,0.0012037805531838232
1603,2000.0,0.0
1604,2000.0,0.0
1605,2000.0,0.0
1606,2051.057361441559,0.00020390460981171282
1607,2000.0,0.0
1608,2000.0,0.0
1609,2000.0,0.0
1610,2310.5243918559204,0.0012401219563779198
1611,2444.0026778837737,0.001773185888050111
1612,2098.3454822311105,0.0003927562375903894
1613,2214.3987386726662,0.0008562309120343468
1614,2393.737821285365,0.0015724462555551655
1615,2499.0637098669267,0.0019930797079688294
1616,2190.8131877838655,0.0007620387639210927
1617,2411.823573231895,0.0016446741985919333
1618,2426.8865972445137,0.0017048304610222404
1619,2333.1611902460977,0.0013305251306277056
1620,2068.745112858488,0.00027454308287976764
1621,2000.0,0.0
1622,2000.0,0.0
1623,2081.7605066263395,0.0003265218517164072
1624,2095.4516268276943,0.0003811992271960992
1625,2025.8899102903777,0.00010339492497790474
1626,2154.533881033092,0.0006171523522775293
1627,2141.7301626435415,0.0005660189382379385
1628,64819.67247823597,0.2508790200573896
1629,2369.2904328261543,0.0014748122403231683
1630,2000.0,0.0
1631,2000.0,0.0
1632,2334.4039831677046,0.0013354883954459842
1633,2378.269493778924,0.0015106713577620057
1634,2495.859370896694,0.001980282738658584
1635,2398.329613109667,0.00159078420906149
1636,25567.315118203063,0.09411932105005646
1637,2411.919205657865,0.001645056119865422
1638,2000.0,0.0
1639,2021.329307207501,8.518152800899778e-05
1640,2000.0,0.0
1641,39166.80430611668,0.14843075544868167
1642,34065.91460205854,0.12805964939399328
1643,2185.0395185541724,0.000738980820106077
1644,2451.044283365631,0.0018013075100393253
1645,2000.0,0.0
1646,2145.60142550516,0.0005814793600260951
1647,4713.392380492256,0.01083630644023059
1648,4095.1051658319857,0.0083670912340908
1649,2000.0,0.0
1650,2000.0,0.0
1651,2459.4348184074056,0.0018348162681400115
1652,2022.3036868061035,8.907284722824323e-05
1653,2367.296713601687,0.0014668500478192629
1654,2245.0635781517526,0.0009786951748239313
1655,2000.0,0.0
1656,2000.0,0.0
1657,2349.5905612084357,0.001396138087916183
1658,2000.0,0.0
1659,2430.6281469615806,0.001719772855490135
1660,2000.0,0.0
1661,2242.1668915635755,0.0009671268577030948
1662,2351.579100824747,0.0014040795949410469
1663,2000.0,0.0
1664,2000.0,0.0
1665,2471.6151089113614,0.0018834599369955823
1666,2000.0,0.0
1667,2043.9656399200383,0.0001755828425109452
1668,2046.0124745938929,0.00018375715888252486
1669,2000.0,0.0
1670,2320.6328691496724,0.0012804915536343761
1671,2317.479474583324,0.0012678980378223702
1672,2436.1345076375183,0.001741763265754379
1673,2368.100632864587,0.0014700606101944753
1674,2000.0,0.0
1675,2000.0,0.0
1676,2156.9338896445925,0.000626737117444702
1677,2495.262217961903,0.0019778979261118965
1678,2000.0,0.0
1679,2534.504435506651,0.0021346171303693873
1680,2115.1317139896673,0.00045979436765230565
1681,2347.952589155897,0.0013895966207736303
1682,2000.0,0.0
1683,2016.1877230071154,6.464790287457473e-05
1684,2297.6606405039092,0.0011887487924287995
1685,2000.0,0.0
1686,2000.0,0.0
1687,2000.0,0.0
1688,2028.0390295319953,0.00011197772886804326
1689,2083.533659844713,0.000333603183475837
1690,2389.451534252811,0.0015553283775403704
1691,2213.801934854395,0.0008538474937325978
1692,2252.321563612401,0.0010076809400806526
1693,2486.3897372287256,0.0019424644514692401
1694,2029.474752240779,0.00011771148538163544
1695,2022.6835225993027,9.058977381861365e-05
1696,2438.67757418065,0.0017519193524882376
1697,2000.0,0.0
1698,2283.852197042293,0.0011336028703393727
1699,2303.6585105745075,0.001212702113202074
1700,2000.0,0.0
1701,2074.5851245548674,0.0002978659744790335
1702,2000.0,0.0
1703,2000.0,0.0
1704,2071.0624883703013,0.00028379784137456954
1705,8161.366663957548,0.024606266952497548
1706,101783.21392433638,0.3984980172602349
1707,2336.8483581006963,0.0013452503436327447
1708,2426.0839131123857,0.001701624831311999
1709,2342.176484230692,0.0013665289496728912
1710,2000.0,0.0
1711,2000.0,0.0
1712,2000.0,0.0
1713,2000.0,0.0
1714,2455.038694482969,0.0018172597413593974
1715,2021.6382385256554,8.641528780598505e-05
1716,2000.0,0.0
1717,2377.3368404065945,0.0015069466779782294
1718,2019.356242126232,7.730182067257861e-05
1719,2000.0,0.0
1720,2000.0,0.0
1721,2211.4002722849364,0.0008442561232563667
1722,2326.324219337379,0.001303220745009737
1723,2000.0,0.0
1724,3305.3806408749433,0.005213217501222308
1725,2380.797696041732,0.0015207680819437491
1726,2378.704603248865,0.0015124090273984474
1727,2000.0,0.0
1728,2000.0,0.0
1729,2393.938831586067,0.001573249017894924
1730,2000.0,0.0
1731,2195.1331049388205,0.0007792909484647115
1732,2307.973506960584,0.0012299346459769805
1733,41307.26463348283,0.1569789787713579
1734,2000.0,0.0
1735,2324.6706836152384,0.001296617122207593
1736,2450.8091671688526,0.0018003685411029959
1737,2282.6999725971273,0.00112900130321421
1738,2052.9781987844462,0.00021157573847670544
1739,2401.3425110013623,0.0016028166320395526
1740,52704.076417846125,0.20249371737860164
1741,2121.966104058047,0.0004870884463286807
1742,2295.816742253403,0.0011813849306332325
1743,2356.404755086883,0.0014233515103245584
1744,2299.482289359205,0.0011960237981981092
1745,106569.354350132,0.4176121286923928
1746,2000.0,0.0
1747,78461.15314825991,0.30535815322722765
1748,2000.0,0.0
1749,2000.0,0.0
1750,2102.299949584283,0.0004085489479830843
1751,2104.2215378344763,0.00041622307549989655
1752,2166.11547945163,0.0006634050617762583
1753,2016.0814700383125,6.422356699952413e-05
1754,2329.5131051600224,0.0013159560000452816
1755,2430.523000277766,0.0017193529377166582
1756,2042.865599162577,0.00017118967813475883
1757,5864.872716611361,0.015434901863360164
1758,2242.377482036036,0.0009679678797791438
1759,2118.472399423452,0.0004731358553564675
1760,2000.0,0.0
1761,2336.1858068661677,0.0013426043539626464
1762,2468.501028503066,0.0018710234276921676
1763,2277.4690657868905,0.0011081109559266077
1764,2434.2879973005874,0.0017343889722316683
1765,2487.3482119584,0.00194629225240236
1766,2000.0,0.0
1767,2210.5788423410695,0.0008409756295633362
1768,2079.146190110462,0.00031608121839647903
1769,2489.302997490584,0.001954098957840161
1770,2000.0,0.0
1771,2029.8999314377797,0.00011940949710446437
1772,4256.131196242921,0.009010170879678302
1773,2000.0,0.0
1774,3392.8218205489025,0.005562425903683577
1775,2006.2265302242045,2.486650661140226e-05
1776,2483.982831912127,0.0019328521433597326
1777,2406.823869138966,0.0016247071912210264
1778,2000.0,0.0
1779,2316.154490830284,0.00126260653259095
1780,3008.408501355268,0.004027218332365535
1781,2185.090272172428,0.0007391835116756125
1782,2226.7846147146333,0.0009056956150704457
1783,2363.676327268564,0.0014523915360242882
1784,2000.0,0.0
1785,2000.0,0.0
1786,2269.5342484708626,0.0010764221693722181
1787,2150.8185895756296,0.000602314823788367
1788,2096.4840625609145,0.00038532240159042976
1789,2000.0,0.0
1790,2000.0,0.0
1791,2392.0801855285185,0.0015658262586993425
1792,2000.0,0.0
1793,2017.14898829185,6.848684827393155e-05
1794,3244.8031380474117,0.004971292894688261
1795,3293.1936343450043,0.005164547010991347
1796,2299.764600835709,0.0011971512479886318
1797,2000.0,0.0
1798,2393.287065722938,0.0015706461010919874
1799,2296.854383167492,0.0011855288926347577
1800,3892.05131430866,0.007556167692477311
1801,9227.467664597745,0.028863888232128994
1802,2000.0,0.0
1803,52990.27459145806,0.20363668922970216
1804,2125.034203854884,0.000499341325723034
1805,2323.415954859841,0.001291606189992035
1806,2816.2658406648898,0.0032598701351599178
1807,2000.0,0.0
1808,2000.0,0.0
1809,2466.8122351803618,0.0018642789988028534
1810,2268.0135040436985,0.001070348866908299
1811,2208.4482832081476,0.0008324669480252889
1812,2295.1957781559927,0.001178905024926893
1813,2125.290334956351,0.0005003642205775819
1814,2080.907056872328,0.0003231134824984872
1815,2059.6257928988166,0.00023812382176590513
1816,37845.40468411072,0.14315356393852355
1817,2212.351369682913,0.0008480544617985846
1818,2000.0,0.0
1819,2410.446956011896,0.001639176487993917
1820,2349.401896975412,0.0013953846312992728
1821,2000.0,0.0
1822,2162.887437450019,0.0006505134311433729
1823,2000.0,0.0
1824,2477.8769983468783,0.0019084676554906848
1825,87017.42700911067,0.33952881214456904
1826,2422.314150104227,0.0016865697631776796
1827,45084.23003447185,0.17206281065410256
1828,2437.5180051993602,0.0017472884539458146
1829,2000.0,0.0
1830,2000.0,0.0
1831,2000.0,0.0
1832,2000.0,0.0
1833,2000.0,0.0
1834,2000.0,0.0
1835,2491.858455363899,0.001964304531058921
1836,2000.0,0.0
1837,2000.0,0.0
1838,2361.8036764725894,0.001444912846975623
1839,2164.1921733943545,0.0006557240739601105
1840,2319.533763655466,0.0012761021243608995
1841,2204.729606218124,0.0008176158989452367
1842,2405.7400562631583,0.0016203788351268032
1843,2210.7740222117923,0.0008417551072774053
1844,173046.70972699812,0.6830986095194469
1845,2270.1997550090396,0.0010790799614547458
1846,2057.9142014336876,0.00023128834535270093
1847,2000.0,0.0
1848,2074.12196196017,0.0002960162708225064
1849,2000.0,0.0
1850,2337.2573838421526,0.0013468838443045344
1851,2000.0,0.0
1852,2000.0,0.0
1853,2000.0,0.0
1854,2373.656121417792,0.0014922472194075498
1855,2000.0,0.0
1856,2248.83989560472,0.0009937764190369493
1857,2385.1277045245915,0.0015380605675961757
1858,2000.0,0.0
1859,2312.0195241424344,0.0012460929732282036
1860,3202.3703372277178,0.004801831656385508
1861,2000.0,0.0
1862,2251.1211619623778,0.0010028869706479489
1863,2427.837298186587,0.0017086272162631661
1864,2000.0,0.0
1865,2155.0670443074555,0.0006192816132960313
1866,2000.0,0.0
1867,2143.4284685811426,0.0005728013570659041
1868,2197.4896245234727,0.0007887020342093633
1869,3103.1856293693877,0.00440572385558796
1870,40102.67515012827,0.1521682846490648
1871,2198.837095714197,0.0007940833461224685
1872,2000.0,0.0
1873,2254.832375669376,0.0010177082140786237
1874,2239.800285104179,0.0009576754886339457
1875,2246.0704977735063,0.0009827164471104058
1876,2000.0,0.0
1877,2057.471073931322,0.00022951865459870137
1878,2027.228105636584,0.00010873919252749747
1879,2000.0,0.0
1880,2000.0,0.0
1881,2052.7701054384293,0.00021074468901927101
1882,2294.3250478864657,0.001175427643588604
1883,2000.0,0.0
1884,2363.7999280999293,0.0014528851529794218
1885,2136.638628591571,0.0005456851952692892
1886,2308.3373481476942,0.0012313876959035037
1887,2078.044786669486,0.0003116826119558668
1888,2099.3553803377786,0.0003967894048668725
1889,2195.775511503712,0.000781856487620209
1890,5968.366851233344,0.01584821995387785
1891,2093.450065130328,0.00037320571469579705
1892,2122.926030486633,0.0004909220448214811
1893,2181.5975708220235,0.000725234927457092
1894,2290.0121098381805,0.001158203331069356
1895,2000.0,0.0
1896,2112.5499508175776,0.00044948374059740337
1897,2085.2732713648347,0.0003405505618404702
1898,2437.3479873900565,0.001746609464391943
1899,2094.805264349073,0.000378617889553904
1900,2074.656427755465,0.00029815073363786276
1901,2469.759990827762,0.001876051267250203
1902,2060.461170880705,0.00024146001887113966
1903,2000.0,0.0
1904,7860.107784989874,0.02340314809884255
1905,18246.538769710005,0.06488279172867935
1906,2000.0,0.0
1907,2000.0,0.0
1908,3362.4208331137356,0.005441015370396348
1909,2045.5565288003856,0.00018193627651619249
1910,2315.394065038577,0.0012595696673873644
1911,2286.7731542398687,0.0011452681154838964
1912,2000.0,0.0
1913,2155.9863228752265,0.0006229528789544452
1914,2000.0,0.0
1915,2452.8610278117576,0.0018085629293746741
1916,3224.0060726251336,0.00488823694760388
1917,2201.311374157985,0.0008039647181009944
1918,2000.0,0.0
1919,2213.2490607714817,0.000851639514883545
1920,71831.84482979732,0.2788830967841939
1921,2029.8068771712599,0.00011903787206607105
1922,2342.4064534376794,0.0013674473633961143
1923,2000.0,0.0
1924,2424.6334823314082,0.0016958323360849858
1925,2100.1677194506815,0.0004000335930735219
1926,2304.8745181702825,0.0012175584071300004
1927,2379.7841531209815,0.0015167203585998868
1928,2499.062888763844,0.0019930764287805006
1929,2000.0,0.0
1930,2000.0,0.0
1931,2000.0,0.0
1932,2000.0,0.0
1933,2165.955793231502,0.000662767332847692
1934,2494.8180185166743,0.0019761239544063367
1935,2492.2224696742032,0.0019657582723767806
1936,2121.418585089846,0.0004849018538682897
1937,2211.221768211739,0.0008435432426380299
1938,2387.9764349612847,0.0015494373652165834
1939,2446.3467667628042,0.0017825473300586217
1940,2000.0,0.0
1941,2122.833383153962,0.0004905520449294976
1942,2366.2696437292097,0.0014627483027293518
1943,2000.0,0.0
1944,4656.064662925757,0.010607360299032661
1945,2488.4968812096063,0.0019508796213704577
1946,2488.0373573766965,0.001949044449610634
1947,2424.8854486121454,0.0016968385981539387
1948,2338.758675862446,0.0013528794609006193
1949,2000.0,0.0
1950,2000.0,0.0
1951,2137.8262729639,0.0005504282167552704
1952,2148.62189964961,0.000593542039813719
1953,2104.4022554856533,0.00041694479634697863
1954,2209.336223933045,0.0008360130616891018
1955,2026.658418106391,0.00010646406685944909
1956,2299.339325852426,0.0011954528537300828
1957,2000.0,0.0
1958,2000.0,0.0
1959,7756.974834178876,0.022991272445653584
1960,2000.0,0.0
1961,2380.416703137086,0.0015192465342693407
1962,2057.0258708643532,0.00022774067479140042
1963,3566.7982658569967,0.006257224816032003
1964,2307.47288001791,0.0012279353232833457
1965,33748.06650068274,0.1267902791942698
1966,2143.1849006534876,0.000571828634977475
1967,2000.0,0.0
1968,2000.0,0.0
1969,2000.0,0.0
1970,2224.6982887862723,0.0008973635849311799
1971,2000.0,0.0
1972,2000.0,0.0
1973,2000.0,0.0
1974,3106.3513609557285,0.004418366640989636
1975,2000.0,0.0
1976,2379.033690508871,0.0015137232827271783
1977,2000.0,0.0
1978,2185.253068156344,0.0007398336598744629
1979,2055.750422408597,0.00022264699559680287
1980,2054.281216985522,0.0002167795212489887
1981,2000.0,0.0
1982,2342.2018001697725,0.0013666300523647364
1983,2414.441987802602,0.0016551311980586292
1984,2000.0,0.0
1985,2000.0,0.0
1986,2423.123351036383,0.0016898014186270006
1987,2139.5948902400464,0.0005574914336042586
1988,2000.0,0.0
1989,2000.0,0.0
1990,2227.9889953896914,0.0009105054752880284
1991,2399.9592660904923,0.0015972924528445918
1992,2179.541446863948,0.0007170235130486945
1993,2462.518703930021,0.001847132190005903
1994,2095.2508829294216,0.00038039752877115814
1995,2000.0,0.0
1996,2081.786327980637,0.00032662497285357826
1997,2000.0,0.0
1998,2000.0,0.0
1999,2000.0,0.0
2000,2000.0,0.0
2001,2269.127478167794,0.001074797676104482
2002,2000.0,0.0
2003,97835.80643245508,0.3827335013966179
2004,4653.195933077873,0.010595903631007273
2005,2188.3232873394454,0.000752095003329966
2006,2321.318748710973,0.0012832307081926259
2007,2348.4157725278383,0.001391446407406946
2008,2269.3646567355104,0.0010757448814033947
2009,2000.0,0.0
2010,8209.473028765202,0.02479838635053562
2011,2182.724765990087,0.0007297365367145269
2012,2000.0,0.0
2013,2000.0,0.0
2014,2000.0,0.0
2015,2063.915521386111,0.0002552554437045187
2016,41270.11401405056,0.1568306126524336
2017,2031.1442552436806,0.0001243788757201627
2018,2000.0,0.0
2019,2359.5324341467945,0.001435842327717412
2020,2440.5493349893795,0.0017593944872501804
2021,2000.0,0.0
2022,2443.6583324537773,0.0017718106971165923
2023,2000.0,0.0
2024,23289.686818255133,0.0850232985239301
2025,2439.9699781655563,0.0017570807459253643
2026,6649.577735782922,0.018568729508069405
2027,2461.543032064726,0.0018432357099415174
2028,2000.0,0.0
2029,2310.4154374213986,0.001239686831827196
2030,2476.161258055875,0.0019016156101695457
2031,2424.7217750542227,0.0016961849452423409
2032,9230.049197906008,0.028874197941191018
2033,2476.56812895697,0.0019032405051893665
2034,3315.465391142848,0.005253492341330905
2035,18733.542568860095,0.0668277085210636
2036,2000.0,0.0
2037,2379.8313582440287,0.0015169088787647424
2038,2191.0626046472094,0.0007630348445403154
2039,2191.7893953506314,0.0007659373833831373
2040,2033.802887886949,0.00013499649160262153
2041,2157.4735812168874,0.0006288924501207434
2042,2000.0,0.0
2043,2291.81602125292,0.001165407499925171
2044,2000.0,0.0
2045,2283.8246136350335,0.001133492712200845
2046,2379.182738099883,0.001514318524824117
2047,2077.974942051591,0.0003114036778480867
2048,2107.8642928456393,0.00043077091969355094
2049,2000.0,0.0
2050,2475.5668669804704,0.0018992418274889691
2051,2286.499579647636,0.0011441755576448581
2052,2000.0,0.0
2053,2000.0,0.0
2054,2000.0,0.0
2055,22875.954892118396,0.08337100305499716
2056,2071.13782888804,0.0002840987241158402
2057,2454.0547202514704,0.0018133301046513173
2058,2287.317076608734,0.0011474403444291462
2059,2000.0,0.0
2060,2387.6489067351185,0.0015481293361043636
2061,2002.5604184077447,1.0225383796682794e-05
2062,2381.377746202015,0.0015230845922032752
2063,2000.0,0.0
2064,2194.928489549054,0.0007784737887049087
2065,2441.3363904650255,0.0017625377017667677
2066,2000.0,0.0
2067,2254.3412724686837,0.0010157469257611879
2068,112948.51624293023,0.4430881909085262
2069,34265.40900046489,0.1288563577690085
2070,2000.0,0.0
2071,2000.0,0.0
2072,2239.3561539558527,0.0009559017896814785
2073,25438.659873976325,0.09360551860054464
2074,2000.0,0.0
2075,2000.0,0.0
2076,2080.2444943068836,0.0003204674475768155
2077,2303.016543715165,0.0012101383300712892
2078,2000.0,0.0
2079,2000.0,0.0
2080,2376.5595205175778,0.0015038423438686367
2081,2116.0575298091903,0.00046349174072657547
2082,2374.1855750451773,0.0014943616654395694
2083,95905.99549699387,0.3750265354529117
2084,2057.111593714968,0.00022808302080993756
2085,2462.380129248083,0.0018465787729147632
2086,2220.635671774189,0.0008811389639700774
2087,2000.0,0.0
2088,2408.0743905814406,0.0016297013209525604
2089,2091.412152664638,0.0003650670303922115
2090,2000.0,0.0
2091,2000.0,0.0
2092,2250.0271480878973,0.000998517875459591
2093,2000.0,0.0
2094,2000.0,0.0
2095,2000.0,0.0
2096,2066.9907371988934,0.0002675367418893057
2097,2031.4830175954892,0.0001257317698614615
2098,2117.5011477510848,0.00046925702794174337
2099,2000.0,0.0
2100,2000.0,0.0
2101,2191.5088852281483,0.0007648171275481657
2102,2000.0,0.0
2103,2221.0679989920372,0.0008828655222993254
2104,2000.0,0.0
2105,2000.0,0.0
2106,2000.0,0.0
2107,2065.237858395242,0.00026053637879935344
2108,2015.257579334774,6.093324592359485e-05
2109,2348.242044218773,0.0013907525994608823
2110,2002.2701153542594,9.06601854206053e-06
2111,2124.352943682463,0.0004966206193309352
2112,2174.812473953754,0.0006981377079691084
2113,2000.0,0.0
2114,2112.106701476951,0.0004477135632655182
2115,2000.0,0.0
2116,2037.0241021466038,0.00014786085470698193
2117,2000.0,0.0
2118,30009.174256385762,0.11185849771014353
2119,2661.4149644127015,0.0026414518187855944
2120,2453.923400646818,0.001812805661711235
2121,2000.0,0.0
2122,2181.098210249078,0.0007232406621855026
2123,2311.0752538306865,0.0012423218995957722
2124,24264.902436741646,0.08891795650380609
2125,2000.0,0.0
2126,2330.0444678905733,0.0013180780703439098
2127,2205.884040613041,0.0008222262918093151
2128,2443.3301058168563,0.001770499878804765
2129,2484.8038490830186,0.0019361309885869964
2130,2000.0,0.0
2131,2055.950208821605,0.00022344487017237485
2132,2137.590230062575,0.0005494855468966137
2133,2189.54017099544,0.0007569547959251216
2134,2000.0,0.0
2135,2490.117958205169,0.001957353615774444
2136,2000.0,0.0
2137,2062.0063452195072,0.0002476308855541981
2138,2374.123697374557,0.0014941145484337615
2139,2000.0,0.0
2140,2083.8388022041227,0.00033482181154387107
2141,2482.436596630384,0.0019266770396548175
2142,2079.9014691805633,0.0003190975294579939
2143,5552.691417884842,0.014188162821034108
2144,4778.973332252421,0.01109821300966903
2145,2456.333257951959,0.0018224297589938387
2146,191824.03385120345,0.7580884413625323
2147,2607.389309968927,0.0024256929217695514
2148,2000.0,0.0
2149,2592.2970359924743,0.0023654198455773465
2150,2444.0844154000993,0.0017735123180868933
2151,2101.9303949047508,0.0004070730804371231
2152,2476.908121441862,0.0019045983120366747
2153,2000.0,0.0
2154,2103.63619176315,0.00041388541528971853
2155,2387.6246334474604,0.001548032397384675
2156,2058.6018836429953,0.00023403469903421348
2157,2000.0,0.0
2158,4143.993994695888,0.008562335510179294
2159,2011.911575098087,4.7570516846987335e-05
2160,2124.578632848187,0.0004975219401194848
2161,2481.2216531321164,0.0019218249953469446
2162,2000.0,0.0
2163,2000.0,0.0
2164,2000.0,0.0
2165,16695.911815412597,0.058690149274144336
2166,2013.470167928042,5.37949721238426e-05
2167,2000.0,0.0
2168,2244.027948326313,0.0009745592443821012
2169,2000.0,0.0
2170,2855.577993231845,0.0034168686345672702
2171,2000.0,0.0
2172,2000.0,0.0
2173,2000.0,0.0
2174,2273.4014001308874,0.0010918661725101923
2175,2073.2074105106744,0.0002923638835624319
2176,2000.0,0.0
2177,2382.09817523156,0.0015259617248246822
2178,2157.560500512962,0.000629239574309123
2179,9830.991632211857,0.03127414437647029
2180,2420.073022514946,0.00167761951127025
2181,2000.0,0.0
2182,10919.152195025335,0.03561986355796273
2183,11297.864620474362,0.037132303824395606
2184,2000.0,0.0
2185,2000.0,0.0
2186,2297.6886981499288,0.0011888608445051758
2187,2000.0,0.0
2188,2345.5553794832285,0.0013800230335544433
2189,2449.5258305047632,0.0017952433592612407
2190,2185.225680326356,0.0007397242828007244
2191,2268.2873536182633,0.0010714425229271796
2192,2270.869287925934,0.00108175383343561
2193,2494.246365816356,0.0019738409805605452
2194,4251.774659469336,0.008992772449640649
2195,3111.8150351758,0.0044401865770091874
2196,2115.333787931457,0.00046060137778934293
2197,7376.737476596315,0.02147274215257424
2198,2126.5998478653664,0.0005055939408611463
2199,2000.0,0.0
2200,2190.487535195312,0.000760738225426185
2201,2000.0,0.0
2202,2442.134721963377,0.0017657259486341288
2203,2000.0,0.0
2204,2000.0,0.0
2205,2000.0,0.0
2206,2000.0,0.0
2207,2000.0,0.0
2208,2000.0,0.0
2209,2000.0,0.0
2210,2000.0,0.0
2211,2002.8967419476146,1.1568538206378765e-05
2212,2008.1341898847757,3.248500838587236e-05
2213,4182.541388412704,0.00871627983971701
2214,2000.0,0.0
2215,2000.0,0.0
2216,2793.3474053330965,0.0031683422049676533
2217,3716.0119596659365,0.0068531302673840375
2218,2305.3195419332924,0.0012193356708622306
2219,2492.6478124408977,0.001967456937337726
2220,2442.820940045863,0.0017684664551233884
2221,2103.375484430215,0.00041284424462409257
2222,2125.4590846223477,0.0005010381456263778
2223,2000.0,0.0
2224,2319.1515509101255,0.001274575705084555
2225,2311.8053503461188,0.0012452376406544736
2226,2375.4178860659554,0.0014992830693422374
2227,16990.410424811806,0.05986627005955491
2228,2416.4036617575075,0.0016629654133619547
2229,2047.4793985802364,0.00018961552199831672
2230,2313.500454485758,0.0012520072726609956
2231,5066.451372203906,0.012246296183391956
2232,2000.0,0.0
2233,2443.39379520492,0.0017707542311538801
2234,2000.0,0.0
2235,2495.4153433306265,0.0019785094533761403
2236,6256.099500104557,0.016997319943412748
2237,2000.0,0.0
2238,2224.9837184840003,0.0008985034877679234
2239,2000.0,0.0
2240,4131.035671357077,0.008510584659966661
2241,2339.3783373272445,0.0013553541643640896
2242,3719.68377390589,0.006867794163612906
2243,2385.488313533256,0.0015395007093726067
2244,2000.0,0.0
2245,2000.0,0.0
2246,2031.3420172741364,0.00012516866564500628
2247,2000.0,0.0
2248,37382.270554350056,0.14130397396064295
2249,2058.572870056933,0.00023391882927952488
2250,2000.0,0.0
2251,2014.1880096814023,5.666177210121755e-05
2252,2040.0821055938452,0.00016007341293771543
2253,2403.5293867901482,0.0016115502219045414
2254,2000.0,0.0
2255,2414.9945029730175,0.0016573377435411575
2256,3397.3638241306776,0.005580565020981389
2257,2000.0,0.0
2258,2102.009639468117,0.00040738955452267363
2259,3158.436031809012,0.0046263739525242605
2260,2000.0,0.0
2261,2102.1434598368533,0.0004079239846087896
2262,2000.0,0.0
2263,2000.0,0.0
2264,2152.6321754992728,0.000609557629128862
2265,2030.726595511887,0.00012271089401799488
2266,2359.129888840637,0.0014342347075571426
2267,2000.0,0.0
2268,2475.8172630648082,0.0019002418187621904
2269,2327.777616681081,0.001309025087613852
2270,2474.074420797978,0.0018932815379653044
2271,2370.509243864243,0.001479679730184355
2272,2000.0,0.0
2273,2121.168072508011,0.0004839013973462567
2274,2000.0,0.0
2275,2354.581882101806,0.001416071615824254
2276,2167.3297193466365,0.0006682542961475336
2277,2000.0,0.0
2278,2443.679177605737,0.001771893945103891
2279,2000.0,0.0
2280,2151.089922777051,0.0006033984303242847
2281,2276.8324437333804,0.0011055685180145526
2282,2000.0,0.0
2283,2178.2848265649627,0.0007120050266931216
2284,7463.888539522668,0.02182079193381909
2285,28467.012731111543,0.10569966311314612
2286,2000.0,0.0
2287,2109.7943768853015,0.00043847897631652324
2288,2000.0,0.0
2289,2230.3395612295367,0.0009198927839322284
2290,63667.347325134564,0.24627705074120573
2291,2000.0,0.0
2292,2449.6411445364056,0.001795703881739566
2293,2415.7828653717856,0.0016604861774353573
2294,2000.0,0.0
2295,2000.0,0.0
2296,2170.1079797224347,0.0006793496618673414
2297,49848.58424758626,0.19108991584326993
2298,2274.4498693074006,0.0010960533786700949
2299,2054.1248121282065,0.0002161548968950648
2300,73115.21578639856,0.28400841557782147
2301,2000.0,0.0
2302,2000.0,0.0
2303,2499.812269531475,0.001996069184158178
2304,37575.55572220235,0.1420758849176638
2305,2064.2816971547895,0.00025671781710429574
2306,2398.0253993187985,0.001589569289359903
2307,2085.900803703292,0.0003430566987226869
2308,2437.886110836803,0.001748758534542481
2309,2000.0,0.0
2310,2000.0,0.0
2311,2443.7057501793797,0.0017720000663390533
2312,2457.994436035828,0.0018290639026208415
2313,2000.0,0.0
2314,2000.0,0.0
2315,2061.9601878678063,0.00024744654980862063
2316,3499.3425340887698,0.005987831054242972
2317,2000.0,0.0
2318,6634.476477753085,0.0185084205528218
2319,2000.0,0.0
2320,2264.2179275821213,0.0010551907091900584
2321,2000.0,0.0
2322,2000.0,0.0
2323,2726.6783220243706,0.0029020900322201375
2324,2000.0,0.0
2325,2224.367514176001,0.0008960425909366066
2326,3057.864660862087,0.004224728321567903
2327,2459.8811039326906,0.0018365985708937872
2328,2298.8115735144765,0.0011933452020319035
2329,2401.0137864206395,0.001601503825120523
2330,2000.0,0.0
2331,2000.0,0.0
2332,2000.0,0.0
2333,2129.738118661455,0.0005181270578122118
2334,2000.0,0.0
2335,2000.0,0.0
2336,2000.0,0.0
2337,2000.0,0.0
2338,33383.240795978476,0.12533329746104502
2339,2008.737033170572,3.489254613356016e-05
2340,2000.0,0.0
2341,2000.0,0.0
2342,2201.561872345815,0.0008049651171385848
2343,2010.5230676624521,4.202532103408062e-05
2344,2000.0,0.0
2345,2127.124506177898,0.000507689236142389
2346,2317.4884326751408,0.0012679338131966738
2347,2003.0943650783656,1.2357773416108234e-05
2348,2170.0155940446725,0.0006789807069302982
2349,2472.962100294541,0.001888839332731129
2350,2117.5840912944404,0.0004695882744136879
2351,2427.8380612140354,0.001708630263518444
2352,2334.9380994051417,0.001337621462253859
2353,2000.0,0.0
2354,2043.2790971754055,0.00017284103943865717
2355,2258.65472629487,0.0010329732981105722
2356,2489.3695299585597,0.001954364664420746
2357,2066.70103292921,0.0002663797679603227
2358,2000.0,0.0
2359,2149.607339770294,0.0005974775307522953
2360,2000.0,0.0
2361,2301.215648223515,0.0012029462057199965
2362,2106.1415979694225,0.0004238911002778581
2363,2278.745094701829,0.0011132069532649516
2364,2395.4894615028193,0.001579441672180432
2365,2203.1584137302216,0.0008113411251978401
2366,2189.9514634025454,0.000758597348838581
2367,2303.656236351705,0.0012126930307798725
2368,2373.964001162134,0.0014934767795995885
2369,2395.243029021602,0.0015784575101025489
2370,9516.931426143208,0.0300199016587162
2371,2000.0,0.0
2372,2144.9522374382314,0.0005788867380075637
2373,2000.0,0.0
2374,2388.2767126254266,0.0015506365654535982
2375,2218.718148162689,0.0008734810691480906
2376,2036.1779832259504,0.00014448176218243881
2377,2000.0,0.0
2378,2000.0,0.0
2379,2263.0221556321794,0.0010504152291027097
2380,2000.0,0.0
2381,13276.914001620804,0.045035910287151634
2382,2410.4230065820407,0.001639080842645
2383,2311.3682796640937,0.0012434921386472765
2384,2000.0,0.0
2385,11081.665614869573,0.03626888329824907
2386,2000.0,0.0
2387,2477.6561417047087,0.0019075856340509852
2388,2266.547589407294,0.001064494534770602
2389,2188.4176033710596,0.0007524716674011667
2390,11272.393713072885,0.03703058224520289
2391,2624.8856636209885,0.0024955670214845335
2392,2000.0,0.0
2393,2000.0,0.0
2394,2282.785493521545,0.0011293428428126497
2395,2000.0,0.0
2396,2000.0,0.0
2397,2283.5960702887833,0.0011325799928489921
2398,2459.0990057193003,0.0018334751538872443
2399,2305.2024381818487,0.0012188680008912139
2400,2077.3121524995026,0.000308756736423969
2401,2088.8361996486983,0.00035477960699666945
2402,2048.9091381192843,0.00019532538389894702
2403,2000.0,0.0
2404,2117.3713713486723,0.0004687387479924941
2405,2044.920765712892,0.0001793972690033105
2406,2178.5343040326193,0.0007130013493440203
2407,2418.4960644008756,0.0016713217117001154
2408,2496.007533859048,0.001980874447869055
2409,2000.0,0.0
2410,2007.7467781290732,3.093782614510196e-05
2411,2000.0,0.0
2412,2000.0,0.0
2413,2000.0,0.0
2414,2000.0,0.0
2415,2311.2608427370324,0.0012430630744717439
2416,2097.0309942633885,0.00038750664872420036
2417,2435.39646577378,0.001738815793852164
2418,2000.0,0.0
2419,2000.0,0.0
2420,2022.618866344275,9.033156015302024e-05
2421,2000.0,0.0
2422,7538.333927015152,0.022118099849080475
2423,2488.823794461299,0.0019521851944973596
2424,2000.0,0.0
2425,2000.0,0.0
2426,2158.912535036567,0.0006346391105210222
2427,2098.3986326345253,0.0003929685010517908
2428,2164.3506377622757,0.0006563569232534879
2429,2001.3882225668374,5.544058150102477e-06
2430,2361.409887915958,0.0014433401981014688
2431,2000.0,0.0
2432,2042.7141166731726,0.00017058471193550327
2433,2251.80947875527,0.0010056358586264663
2434,2394.58915222632,0.0015758461630011218
2435,2000.0,0.0
2436,2154.1964792750023,0.0006158048918547699
2437,2000.0,0.0
2438,2000.0,0.0
2439,2000.0,0.0
2440,2282.304713598817,0.0011274227819285526
2441,2000.0,0.0
2442,2278.99623215347,0.0011142099052906754
2443,2000.0,0.0
2444,2390.0382403266603,0.0015576714691080632
2445,2368.424158488873,0.0014713526543644346
2446,2000.0,0.0
2447,2000.0,0.0
2448,2000.0,0.0
2449,2382.9041385173873,0.001529180450287165
2450,2000.0,0.0
2451,2138.6186542865507,0.0005535927007758977
2452,6880.327080698896,0.019490258819631172
2453,2336.4204209828818,0.001343541317773039
2454,2091.1186411765366,0.00036389485181175137
2455,2100.5286725290157,0.00040147510893959876
2456,2491.273551599922,0.0019619686372641023
2457,13114.73522942479,0.04438822700837072
2458,2000.0,0.0
2459,2364.563150996745,0.0014559331888077676
2460,2000.0,0.0
2461,2082.1190156583766,0.0003279536069467504
2462,52127.922771783145,0.20019276838564326
2463,2409.067859146419,0.0016336688745899313
2464,2232.171172483297,0.0009272075759128567
2465,2248.171695492906,0.0009911078697968645
2466,2000.0,0.0
2467,2034.8598330891634,0.0001392175479393576
2468,2000.0,0.0
2469,2117.1545681263956,0.0004678729144437944
2470,2069.7823441149344,0.00027868540885703577
2471,13061.395282175457,0.04417520657754213
2472,2000.0,0.0
2473,2000.0,0.0
2474,2000.0,0.0
2475,2000.0,0.0
2476,2000.0,0.0
2477,2397.683441602859,0.0015882036340915534
2478,2181.695513466742,0.0007256260749075542
2479,2000.0,0.0
2480,2255.087467367201,0.001018726957931473
2481,2378.1331743983783,0.0015101269475278085
2482,2000.0,0.0
2483,4563.799510982808,0.010238886698459326
2484,2000.0,0.0
2485,2000.0,0.0
2486,2309.8010786428094,0.0012372333053719368
2487,4776.187880578191,0.011087088924507807
2488,2000.0,0.0
2489,2298.456767263914,0.0011919282343697095
2490,2000.0,0.0
2491,2173.7062599229334,0.0006937198897749419
2492,2304.8602259425907,0.0012175013291489106
2493,2000.0,0.0
2494,2000.0,0.0
2495,2176.151481700341,0.0007034852199515901
2496,55626.78968292464,0.2141659756207258
2497,17042.29340058857,0.06007347187400316
2498,2492.9957025120225,0.0019688462842841255
2499,29615.440809489133,0.11028606892431267
2500,2000.0,0.0
2501,2000.0,0.0
2502,2000.0,0.0
2503,2144.204495920045,0.0005759005291984705
2504,2177.156079488219,0.0007074972196744796
2505,2333.816669736322,0.0013331428783122726
2506,25352.750759924027,0.09326242871329783
2507,2302.4586188964076,0.0012079101804125334
2508,2414.03319583607,0.0016534986309992197
2509,2344.6181586738408,0.001376280113081274
2510,2000.0,0.0
2511,2144.701923900609,0.0005778870763960275
2512,2000.0,0.0
2513,2000.0,0.0
2514,2445.555495383997,0.0017793872787517095
2515,2245.5167240536584,0.0009805048754372627
2516,2479.672330600885,0.0019156375622857037
2517,2033.5300293749956,0.0001339067935288707
2518,23404.820126462633,0.08548309925831103
2519,2129.950058683181,0.0005189734694992509
2520,2089.692335933137,0.00035819870524411886
2521,3050.6707772287477,0.004195998555793267
2522,2000.0,0.0
2523,2122.1090884835858,0.00048765947433865656
2524,2000.0,0.0
2525,2445.169543447111,0.001777845926498581
2526,2000.0,0.0
2527,2000.0,0.0
2528,2312.2569791509095,0.0012470412825313845
2529,2000.0,0.0
2530,2420.2224796923274,0.0016782163891068073
2531,2280.5607765780283,0.0011204581290808497
2532,2000.0,0.0
2533,2253.477649028522,0.0010122979265254576
2534,4045.4663975525586,0.008168851971587275
2535,13795.018210585948,0.04710503085249391
2536,2362.558281991469,0.0014479264681175018
2537,2274.680450538524,0.0010969742365960558
2538,6681.132062958701,0.01869474606256788
2539,2000.0,0.0
2540,2257.8189294639433,0.0010296354282739763
2541,2465.5772677046234,0.00185934698598118
2542,2170.0174244230993,0.0006789880167988142
2543,2231.475894747403,0.0009244308884490803
2544,21933.764536608287,0.07960823601446869
2545,2049.7024337598405,0.00019849351937414363
2546,2304.896647794459,0.0012176467848341276
2547,2498.133913870909,0.0019893664395111647
2548,2000.0,0.0
2549,2000.0,0.0
2550,2314.302459443983,0.00125521018999665
2551,2085.1003178093265,0.0003398598479795161
2552,2157.255827605375,0.0006280228210616447
2553,2000.0,0.0
2554,2023.421165064359,9.353565066714566e-05
2555,2166.3826096524485,0.0006644718830499958
2556,2168.15308104397,0.0006715425045642747
2557,2225.8671694146988,0.0009020316708198035
2558,2276.1728232021314,0.001102934232511921
2559,2213.237762672685,0.0008515943943688594
2560,7687.088717877395,0.02271217260826735
2561,2332.1945243115483,0.0013266646169889772
2562,2199.808507747673,0.000797962813961382
2563,2130.006130029764,0.0005191973981497691
2564,2184.9571431102486,0.0007386518424175106
2565,2000.0,0.0
2566,2000.0,0.0
2567,2121.919824526505,0.00048690362264106925
2568,2398.389772321366,0.0015910244631647513
2569,2243.2412450303946,0.0009714174363437949
2570,2000.0,0.0
2571,2173.8199603555236,0.0006941739681230602
2572,2000.0,0.0
2573,67821.47622093538,0.26286713702240466
2574,2287.213247830978,0.0011470256898951509
2575,2361.952682006998,0.0014455079211137204
2576,2174.7650180719784,0.0006979481863647104
2577,2173.0900878013676,0.0006912591214845842
2578,2000.0,0.0
2579,2057.0000169290474,0.00022763742353748215
2580,2391.286683052276,0.001562657297197326
2581,2278.6562647737255,0.0011128521987042346
2582,2115.8029277566748,0.0004624749523397566
2583,2000.0,0.0
2584,2000.0,0.0
2585,2000.0,0.0
2586,2000.0,0.0
2587,2000.0,0.0
2588,2455.3149176610195,0.0018183628766909373
2589,2104.122715886999,0.00041582841643267657
2590,2000.0,0.0
2591,2000.0,0.0
2592,2000.0,0.0
2593,2352.584508440845,0.0014080948288245458
2594,2006.6742347284064,2.665447625305184e-05
2595,2318.004644817931,0.001269995377534975
2596,2342.1639809015032,0.0013664790159045263
2597,2000.0,0.0
2598,2186.927802101427,0.0007465219407015375
2599,2467.2768506968887,0.0018661345049029547
2600,2021.710459922843,8.670371390944592e-05
2601,2000.0,0.0
2602,2438.642152206303,0.001751777889951709
2603,2406.933025257986,0.0016251431212265903
2604,2117.713157767201,0.0004701037191610271
2605,2141.802496275208,0.0005663078125652584
2606,14407.011021212573,0.0495491084886097
2607,2000.0,0.0
2608,2355.56060443571,0.0014199802783554562
2609,2098.880030713701,0.00039489103062885847
2610,2000.0,0.0
2611,2246.411965159198,0.0009840801441773333
2612,5339.395345211098,0.013336335557639545
2613,2758.3180087957758,0.0030284474820282837
2614,2000.0,0.0
2615,2000.0,0.0
2616,2452.281130030545,0.0018062470276619651
2617,2449.6501799037615,0.001795739965724387
2618,2125.9322557702953,0.0005029278198197228
2619,22427.993765598087,0.08158200855675052
2620,2070.080048568647,0.00027987433262355137
2621,2035.8122936790069,0.00014302133057617246
2622,4596.805932585402,0.010370702392183748
2623,2000.0,0.0
2624,2000.0,0.0
2625,2369.3125971252352,0.001474900756506305
2626,2000.0,0.0
2627,22568.18541801004,0.08214188324233604
2628,3281.443351131631,0.0051176206355157475
2629,2138.891247457766,0.0005546813391748406
2630,2000.0,0.0
2631,2000.0,0.0
2632,2150.6529933583697,0.0006016534924717203
2633,5027.975124666221,0.012092635985926194
2634,2200.9274286723753,0.0008024313788875734
2635,23959.01009887706,0.0876963332934476
2636,2429.764272326941,0.0017163228530746345
2637,2000.0,0.0
2638,2430.7469278504514,0.0017202472233406162
2639,2421.9919739383345,0.0016852831082558011
2640,2363.270066668722,0.0014507690783266362
2641,2205.028733844868,0.0008188105063493996
2642,2196.117325972438,0.0007832215708110692
2643,2211.370127949201,0.0008441357376970157
2644,2252.3964409742507,0.0010079799731450446
2645,2000.0,0.0
2646,2466.47406332852,0.0018629284629045565
2647,2168.483009172464,0.0006728601180172045
2648,5888.245921830169,0.015528245979774117
2649,2001.8254712490907,7.2902710257453235e-06
2650,2000.0,0.0
2651,2107.787727901155,0.0004304651470353176
2652,3005.2276127280084,0.004014515015231956
2653,2049.5914306491613,0.00019805021315283042
2654,2000.0,0.0
2655,2000.0,0.0
2656,2122.035899597746,0.00048736718443591863
2657,7913.3530844325005,0.023615790540610394
2658,2000.2225117547953,8.886313600832418e-07
2659,6306.279861953104,0.017197722134478774
2660,2000.0,0.0
2661,2000.0,0.0
2662,2000.0,0.0
2663,2649.8555128145604,0.002595287555666471
2664,2099.4242055793184,0.0003970642679546853
2665,2214.9923723394186,0.0008586016698990812
2666,2460.0014164593663,0.001837079055550939
2667,2000.0,0.0
2668,2254.217255403997,0.0010152516465209201
2669,2000.0,0.0
2670,2000.0,0.0
2671,2070.975782397274,0.0002834515691211813
2672,2000.0,0.0
2673,2194.1355684429113,0.0007753071489845116
2674,2242.648486721366,0.0009690501743407735
2675,2297.385371870437,0.0011876494692025941
2676,2113.25960387441,0.00045231783788660107
2677,2183.155731982901,0.0007314576588039936
2678,2016.8522010227896,6.730158741073342e-05
2679,2000.0,0.0
2680,2000.0,0.0
2681,2223.996739361171,0.0008945618506121696
2682,2496.4442396686213,0.001982618492707828
2683,2000.0,0.0
2684,2146.0667974611065,0.0005833378870712738
2685,2300.8070023060463,0.00120131422192765
2686,23306.690037938846,0.08509120322517712
2687,2361.419862411103,0.0014433800326225498
2688,2136.1639209781124,0.0005437893849891649
2689,2195.932784147284,0.0007824845775981516
2690,2257.3799562196427,0.0010278823281221136
2691,2387.1729997547445,0.001546228735987162
2692,2000.0,0.0
2693,2440.9457570198906,0.0017609776532652253
2694,2000.0,0.0
2695,2368.9598007662203,0.0014734918156230157
2696,2000.0,0.0
2697,2000.0,0.0
2698,41355.70526918327,0.15717243312627666
2699,2000.0,0.0
2700,50363.40367329252,0.19314591817394813
2701,2056.205364428832,0.0002244638692562289
2702,2000.0,0.0
2703,2000.0,0.0
2704,2060.872128643125,0.00024310123533492593
2705,2021.896706537747,8.744751543519197e-05
2706,2314.128826158993,0.0012545167615423281
2707,57133.09682000066,0.22018162077688305
2708,2414.504244856026,0.001655379830181953
2709,2222.0538014136655,0.0008868024601366552
2710,2000.0,0.0
2711,2000.0,0.0
2712,2430.6546374658237,0.001719878648969839
2713,2000.0,0.0
2714,2025.4846715126612,0.00010177654806774183
2715,2454.003695386785,0.0018131263298217792
2716,2460.5318731755883,0.001839197507556475
2717,2610.4416333823083,0.002437882796002223
2718,2233.9175104790374,0.0009341818173849385
2719,2065.396478683199,0.0002611698507808853
2720,2302.7684315490733,0.0012091474599403608
2721,2000.0,0.0
2722,2000.0,0.0
2723,2323.183718649415,0.0012906787226781343
2724,2000.0,0.0
2725,2232.8418394153186,0.0009298859767394255
2726,2000.0,0.0
2727,2409.316446502257,0.0016346616424566043
2728,2355.407508447989,0.0014193688684282953
2729,2094.2702400550256,0.0003764811962968049
2730,2318.3160696758864,0.0012712390956268263
2731,2000.0,0.0
2732,2095.40782144949,0.00038102428438083723
2733,2000.0,0.0
2734,2388.708934816795,0.0015523627043451237
2735,2358.454093254732,0.001431535824744444
2736,2421.7197347272013,0.0016841958834452296
2737,2401.981584979407,0.0016053688620501685
2738,2467.6770096475957,0.0018677325948238364
2739,2000.0,0.0
2740,2445.4594326362526,0.0017790036389289058
2741,2156.970553081598,0.0006268835379334616
2742,2037.9960671345216,0.00015174253084566935
2743,2148.2991167742985,0.0005922529619141557
2744,5654.224202925164,0.014593647991677726
2745,2000.0,0.0
2746,2000.0,0.0
2747,2000.0,0.0
2748,2097.2519177177496,0.0003883889369875951
2749,2410.20934057111,0.0016382275379821908
2750,2204.1215754195077,0.0008151876441501414
2751,2116.780506204619,0.0004663790466047247
2752,2042.8743346007332,0.0001712245643109827
2753,2071.5213010537536,0.00028563017306102237
2754,2000.0,0.0
2755,2358.348701754478,0.0014311149292627733
2756,2000.0,0.0
2757,2273.29820538185,0.0010914540500572677
2758,2307.988009196922,0.001229992562656542
2759,2159.8952336221873,0.0006385636527614733
2760,2390.3410999638627,0.00155888098081035
2761,2000.0,0.0
2762,2405.2937769942905,0.0016185965573588916
2763,2283.5283676794434,0.001132309613147595
2764,2338.9998622094085,0.0013538426718183172
2765,2231.663767621851,0.0009251811846664511
2766,2377.0744135919754,0.0015058986403255134
2767,2494.479090174109,0.0019747703973580742
2768,2036.1302836197108,0.00014429126723080297
2769,2351.1325469676563,0.0014022962205672215
2770,2295.663807614427,0.0011807741650745225
2771,2062.296132569614,0.0002487881912763036
2772,2441.5591997860097,0.0017634275214984379
2773,2015.5407436580756,6.206410167534579e-05
2774,2152.37273302099,0.0006085215098346163
2775,2000.0,0.0
2776,2034.011923956382,0.0001358313059559458
2777,33641.88842842978,0.12636624242891364
2778,2372.556936427008,0.0014878574726535348
2779,2017.2421782630777,6.885901526777934e-05
2780,2015.2672715322067,6.097195304985252e-05
2781,2000.0,0.0
2782,2093.2882674379634,0.000372559553311844
2783,2344.653569080498,0.0013764215294206402
2784,2416.1312942189916,0.0016618776760582935
2785,2000.0,0.0
2786,2159.8565849920924,0.0006384093041305067
2787,2073.8186943138676,0.0002948051296796442
2788,2191.4254803772624,0.0007644840387810194
2789,2057.820549526615,0.00023091433355439117
2790,2018.915856682732,7.554308070857954e-05
2791,2381.525808631481,0.0015236758999218041
2792,2165.5993030051313,0.0006613436399960163
2793,2100.7865688254215,0.0004025050533434174
2794,2077.7155608165167,0.00031036780313703494
2795,2354.2682479664645,0.0014148190746786707
2796,2296.5183929902864,0.0011841870695548078
2797,6274.323149428788,0.017070098598632837
2798,52070.7285291894,0.19996435529514497
2799,2340.4616940122564,0.001359680698597496
2800,2382.9205352036,0.0015292459327134016
2801,2000.0,0.0
2802,2166.145969384607,0.000663526827525825
2803,2000.0,0.0
2804,2417.7553895313295,0.0016683637245263148
2805,2000.0,0.0
2806,6933.71859266326,0.019703485181256065
2807,4533.225817291051,0.010116786438933453
2808,2108.9150107439546,0.00043496710643389606
2809,2458.917174332954,0.0018327489851852653
2810,2005.0460307651474,2.015201932130742e-05
2811,5987.561433729288,0.015924876164536403
2812,2400.5907887705666,0.0015998145257060184
2813,2489.5556649631158,0.0019551080202151842
2814,2399.880679044131,0.00159697860464382
2815,2000.0,0.0
2816,2355.726575628131,0.0014206431071870883
2817,2000.0,0.0
2818,2014.6415069594461,5.8472875983584666e-05
2819,2396.586698654291,0.0015838236399696969
2820,2251.001770207936,0.0010024101632216172
2821,2126.1923418703022,0.0005039665095060292
2822,3959.1007629067476,0.007823938906431098
2823,2349.8375571762285,0.0013971245003553678
2824,2267.6467231585766,0.0010688840768926077
2825,2074.7242556925385,0.00029842161385283845
2826,2413.987469767728,0.001653316017643177
2827,2000.0,0.0
2828,2000.0,0.0
2829,2214.2430114668655,0.0008556089939751408
2830,2477.5954741614164,0.0019073433498554455
2831,2000.0,0.0
2832,2000.0,0.0
2833,3367.4599705184605,0.005461139860132743
2834,2388.450844218906,0.0015513319839715514
2835,2000.0,0.0
2836,2102.5428213799105,0.0004095188899723209
2837,2492.6979824017635,0.0019676572979910323
2838,2000.0,0.0
2839,2145.1888724086352,0.0005798317723756889
2840,2109.8312341639567,0.00043862617093862535
2841,2831.7511032627517,0.003321712665574716
2842,2000.0,0.0
2843,2028.2730871192332,0.00011291247010127188
2844,2000.0,0.0
2845,2292.652185308629,0.0011687468363245478
2846,2327.767127350519,0.001308983197026577
2847,2000.0,0.0
2848,2014.7656591906573,5.896869502999835e-05
2849,2414.323996290146,0.0016546599826916565
2850,2000.0,0.0
2851,2000.0,0.0
2852,2144.033828042038,0.0005752189435056371
2853,2000.0,0.0
2854,2000.0,0.0
2855,50696.428579503234,0.1944758990354974
2856,2068.02998792257,0.0002716871328872876
2857,4354.39328909354,0.009402594090284698
2858,2123.700192767587,0.0004940137685880835
2859,2265.3567370505807,0.0010597387017568464
2860,2160.2359621028018,0.0006399243989091367
2861,2000.0,0.0
2862,2375.5268913324585,0.0014997183968974842
2863,2000.0,0.0
2864,2311.8496004889025,0.0012454143596983824
2865,2000.0,0.0
2866,2326.209078444882,0.0013027609139864508
2867,2000.0,0.0
2868,2000.0,0.0
2869,2097.6206769739856,0.00038986162790099685
2870,29057.285085840405,0.10805699711504894
2871,2000.0,0.0
2872,2000.0,0.0
2873,4764.096151760582,0.011038798938952528
2874,2369.90678264434,0.0014772737182694694
2875,2000.0,0.0
2876,2405.6621675504834,0.0016200677758178555
2877,2338.013763242543,0.00134990454968671
2878,2395.747436565572,0.0015804719311485142
2879,2258.7428436630717,0.0010333252069651133
2880,2239.3224538351715,0.000955767203604874
2881,2120.0745866758907,0.00047953441096784157
2882,2222.2297795930517,0.0008875052532499299
2883,2435.2877316532845,0.0017383815491558673
2884,2000.0,0.0
2885,2000.0,0.0
2886,2000.0,0.0
2887,2455.8441375552306,0.0018204763892773097
2888,2056.2123727995104,0.00022449185815045028
2889,2240.2755765409506,0.0009595736304929357
2890,2372.896051603457,0.001489211775848662
2891,7699.969898850205,0.022763615379809338
2892,2377.483132381507,0.001507530915142486
2893,2339.6100845745827,0.0013562796789365096
2894,2409.938318509389,0.0016371451740255488
2895,2000.0,0.0
2896,2303.2724481484584,0.0012111603196952436
2897,10647.497424025329,0.034534972789612935
2898,2218.877433176345,0.0008741171958033152
2899,17554.85621162661,0.06212046210298972
2900,2111.2385568310915,0.00044424650797170347
2901,2000.0,0.0
2902,2000.0,0.0
2903,2000.0,0.0
2904,2000.0,0.0
2905,2210.2320321076622,0.0008395905950976876
2906,2000.0,0.0
2907,2000.0,0.0
2908,2253.5080741647225,0.0010124194335001668
2909,2249.479652613173,0.0009963313768236379
2910,2131.334633885598,0.0005245029613968489
2911,55834.042377655234,0.21499366782138604
2912,2447.9662534926806,0.0017890149735174145
2913,2008.331385153137,3.327253486818012e-05
2914,2368.6903770154345,0.001472415834741378
2915,2000.0,0.0
2916,2291.8648752308036,0.0011656026050190643
2917,2490.757931065544,0.001959909435595533
2918,2377.2785730302535,0.001506713979180209
2919,2412.705141852645,0.0016481948643796082
2920,2201.4128514617287,0.0008043699816994345
2921,2000.0,0.0
2922,2243.588174606483,0.0009728029474208883
2923,2316.3163065450617,0.0012632527659498932
2924,2498.582784894283,0.0019911590678079027
2925,2093.9703336003463,0.0003752834785359406
2926,2000.0,0.0
2927,67796.06140481553,0.26276563945147585
2928,2176.686360584788,0.0007056213324954114
2929,2000.0,0.0
2930,2000.0,0.0
2931,2000.0,0.0
2932,2284.8238985187286,0.0011374834941086376
2933,2000.0,0.0
2934,2000.0,0.0
2935,2000.0,0.0
2936,2398.5919490831047,0.0015918318839274262
2937,2254.8043394848482,0.0010175962477116732
2938,2000.0,0.0
2939,2000.0,0.0
2940,2146.939437180045,0.0005868228940589543
2941,2000.0,0.0
2942,2177.381080345543,0.0007083957916085692
2943,3879.1675900134614,0.007504714763826834
2944,2438.6500498482037,0.0017518094302731192
2945,2000.0,0.0
2946,2243.3162947511146,0.0009717171577470918
2947,2000.0,0.0
2948,2464.68842735114,0.0018557972795266182
2949,2484.605974326682,0.0019353407484758115
2950,2291.25970321313,0.0011631857671596715
2951,5195.990608535802,0.012763628977210445
2952,2000.0,0.0
2953,2350.013072198372,0.0013978254437863585
2954,2289.0832777176174,0.0011544939119811637
2955,2000.0,0.0
2956,11711.302022509024,0.038783423070734624
2957,2060.9722353258126,0.00024350102516927305
2958,2070.239150253428,0.0002805097271296464
2959,2361.1284399781675,0.001442216196971817
2960,2247.075747467261,0.0009867310503092596
2961,2214.5340348320437,0.0008567712358937846
2962,2219.861938050623,0.0008780489517064682
2963,2044.853711161036,0.00017912947740879315
2964,17904.38998367893,0.06351637339558408
2965,2000.0,0.0
2966,2000.0,0.0
2967,2329.552908649699,0.0013161149607671535
2968,2046.398572135851,0.00018529909262957923
2969,3646.1983018423134,0.006574319802915594
2970,46957.96573695674,0.17954583242644329
2971,2000.0,0.0
2972,2000.0,0.0
2973,2170.2575436552233,0.0006799469660463305
2974,2000.0,0.0
2975,3638.154010146826,0.0065421938153387114
2976,2314.005932784719,0.001254025969914592
2977,2001.1755475250927,4.6947110593151264e-06
2978,2004.1884671194437,1.6727220709925397e-05
2979,2045.0546252126333,0.00017993185536448707
2980,70464.40022173297,0.2734220182761389
2981,2352.035858726475,0.0014059037205734846
2982,2000.0,0.0
2983,2306.4289690062687,0.00122376632078308
2984,2451.635872623635,0.0018036701032759558
2985,2228.6945567398393,0.0009133232317826492
2986,2045.3448649416198,0.0001810909677239965
2987,2298.231778517332,0.0011910297108015371
2988,2066.3178958011085,0.0002648496570340185
2989,2031.5418168865124,0.00012596659293407503
2990,2120.2265308581464,0.0004801412210011305
2991,12051.769641982068,0.04014312743347644
2992,9374.789551566852,0.029452238492131064
2993,2031.8816044209323,0.00012732358128342627
2994,2000.0,0.0
2995,2028.3531788443572,0.00011323232744406102
2996,2145.54697697076,0.000581261912299692
2997,2444.5689449645174,0.001775447353681868
2998,2000.0,0.0
2999,2197.1667252015554,0.0007874124912642319
3000,2066.1881493200617,0.00026433149657986883
3001,2000.0,0.0
3002,2000.0,0.0
3003,2000.0,0.0
3004,2000.0,0.0
3005,2000.0,0.0
3006,2021.045068305757,8.404638078013567e-05
3007,2123.231514791112,0.0004921420384942782
3008,2000.0,0.0
3009,2000.0,0.0
3010,59019.931972019884,0.22771695700634872
3011,2000.0,0.0
3012,11547.938798474515,0.03813100952029161
3013,2000.0,0.0
3014,2138.7181888277746,0.0005539902056844546
3015,2000.0,0.0
3016,2761.4991501622603,0.00304115180851079
3017,2453.0935210161974,0.0018094914230295887
3018,2000.0,0.0
3019,2000.0,0.0
3020,2000.0,0.0
3021,2485.021219194618,0.0019369990860863377
3022,2194.128192135997,0.0007752776906862213
3023,2816.8124512689633,0.0032620530999429714
3024,14877.662944806418,0.05142872181229039
3025,2489.3585612148236,0.0019543208592308885
3026,2000.0,0.0
3027,2479.600714033831,0.0019153515516547419
3028,2000.0,0.0
3029,2198.457202849628,0.0007925661916097192
3030,2036.0668522422332,0.00014403794528252203
3031,2007.1614507817426,2.8600240711782257e-05
3032,2444.99466278357,0.001777147516466097
3033,2000.0,0.0
3034,2497.655208860995,0.0019874546650773626
3035,2003.3000488732387,1.3179199998956947e-05
3036,2219.0199231108436,0.0008746862489951695
3037,2474.3253851866884,0.0018942837988403637
3038,2000.0,0.0
3039,2438.2914903401524,0.0017503774734598555
3040,2154.249108283475,0.000616015073053611
3041,14091.692301712144,0.04828983972401331
3042,2263.5175031819617,0.001052393467813207
3043,2000.0,0.0
3044,2126.709944664826,0.0005060336276036925
3045,2238.810971780195,0.0009537245295241723
3046,103221.77093432282,0.4042430929463128
3047,2000.0,0.0
3048,2000.0,0.0
3049,162206.33283827658,0.6398060703576508
3050,2000.0,0.0
3051,2267.08966275265,0.0010666593793856264
3052,2499.5120292116217,0.0019948701330607266
3053,2000.0,0.0
3054,2000.0,0.0
3055,2239.3154407145075,0.0009557391957409327
3056,3457.3933017973563,0.0058203010135049246
3057,5144.412088293349,0.012557643047899534
3058,2247.200082848845,0.0009872276007919303
3059,2170.517078491256,0.0006809834541839782
3060,2000.0,0.0
3061,2257.8258367893113,0.001029663013629823
3062,2175.4355424110563,0.0007006260177267066
3063,2000.0,0.0
3064,2150.5084348680875,0.0006010761782172473
3065,2405.5257737111424,0.0016195230682221964
3066,2233.46662855236,0.0009323811582687101
3067,2077.4332059150775,0.00030924017992304924
3068,5213.850120003941,0.01283495339771555
3069,2000.0,0.0
3070,2000.0,0.0
3071,2000.0,0.0
3072,2489.3007340199715,0.0019540899183583104
3073,2000.0,0.0
3074,26420.3052780089,0.09752585481517317
3075,2351.9007541482983,0.001405364161819975
3076,2000.0,0.0
3077,2604.9400284320004,0.002415911378383732
3078,2034.6218553826932,0.00013826715116969056
3079,2000.0,0.0
3080,2338.680650207889,0.0013525678546953915
3081,2466.1547264123387,0.0018616531469177137
3082,2400.2355869206785,0.0015983959781633948
3083,2000.0,0.0
3084,2321.350941079432,0.0012833592728529256
3085,4151.631905863746,0.008592838561110377
3086,2430.704885249681,0.0017200793204199885
3087,2114.3028605348627,0.0004564842271452107
3088,2000.0,0.0
3089,2000.0,0.0
3090,2000.0,0.0
3091,2000.0,0.0
3092,2431.2160506250493,0.001722120729797029
3093,2337.809753817782,0.0013490898099316716
3094,2475.8349662005753,0.0019003125186747814
3095,2000.0,0.0
3096,2173.7429948045356,0.0006938665955875424
3097,2653.2630474583607,0.002608896014904211
3098,2134.353364617926,0.0005365586786278808
3099,2000.0,0.0
3100,2000.0,0.0
3101,2159.0762416196776,0.0006352928953232573
3102,2000.0,0.0
3103,2075.3067495776936,0.0003007478834644445
3104,2220.649812035228,0.0008811954350513938
3105,2000.0,0.0
3106,2444.475416701523,0.0017750738356732253
3107,2104.5797595632994,0.0004176536833452576
3108,2355.6223775074736,0.0014202269776313128
3109,2223.1243444968504,0.0008910778214851513
3110,3605.4358823831753,0.006411529462793719
3111,10381.467666042161,0.033472546286003824
3112,2272.9047527942707,0.0010898827429218303
3113,23251.95864881008,0.08487262587942987
3114,2400.079917649178,0.0015977742914728005
3115,2190.8843480375394,0.0007623229522016831
3116,3890.8706154450465,0.0075514524088376375
3117,2000.0,0.0
3118,60994.70866187167,0.23560349988754306
3119,2185.000495560113,0.0007388249764010216
3120,2000.0,0.0
3121,2000.0,0.0
3122,2000.0,0.0
3123,2139.110071205254,0.0005555552419694472
3124,2000.0,0.0
3125,2188.3258555467787,0.0007521052598199116
3126,2332.692104690614,0.0013286517728109543
3127,2357.50457661749,0.001427743799188086
3128,2000.0,0.0
3129,2139.163626155597,0.0005557691210447621
3130,2150.408608069087,0.0006006775061369787
3131,2078.3097457233334,0.0003127407624549418
3132,2224.0911131398116,0.0008949387453040768
3133,2000.0,0.0
3134,2483.394591669435,0.0019305029248773212
3135,2000.0,0.0
3136,2363.3769129624957,0.0014511957837267334
3137,2175.27678956095,0.0006999920163399623
3138,2000.0,0.0
3139,2296.54000052824,0.0011842733622356473
3140,2000.0,0.0
3141,2319.5342675590264,0.0012761041367692176
3142,2171.988177794411,0.0006868584920029109
3143,2000.0,0.0
3144,2000.0,0.0
3145,2300.66906674917,0.001200763357270528
3146,2000.0,0.0
3147,2411.441480613771,0.0016431482590601836
3148,2309.6584168241407,0.001236663565736958
3149,41497.193049637266,0.15773748407783472
3150,2258.5521957741726,0.0010325638283450699
3151,2000.0,0.0
3152,2267.1556152172943,0.0010669227696429723
3153,2458.5181476118673,0.0018311554169794207
3154,2000.0,0.0
3155,2000.0,0.0
3156,2000.0,0.0
3157,16535.16062481272,0.05804816723922163
3158,2014.6001075205336,5.830754161847973e-05
3159,112421.78988411561,0.44098463659942677
3160,2079.3940651403095,0.0003170711414911334
3161,2183.3939125528273,0.0007324088657368298
3162,2000.0,0.0
3163,2000.0,0.0
3164,2000.0,0.0
3165,2387.7442409935898,0.0015485100666048513
3166,2181.9335697227284,0.0007265767853755385
3167,2002.3909385577872,9.54854265760273e-06
3168,2331.9247853884704,0.0013255873774233526
3169,2000.0,0.0
3170,2000.0,0.0
3171,2000.0,0.0
3172,2488.2916497345777,0.0019500600011892483
3173,80970.71700427891,0.3153804423626512
3174,2264.8788659142083,0.0010578302575119589
3175,13986.068440803101,0.04786801627804231
3176,2000.0,0.0
3177,2000.0,0.0
3178,2208.4330343784627,0.0008324060497222983
3179,2003.7754611853327,1.5077824590205638e-05
3180,2439.424306943248,0.00175490153269286
3181,2311.7793753134065,0.0012451339057813725
3182,2057.907258243296,0.00023126061676493823
3183,2299.6119820306167,0.001196541743756066
3184,2480.3234590609773,0.0019182379335317655
3185,2068.7846597611765,0.0002747010188861379
3186,2214.020710310827,0.0008547212036702188
3187,2434.931692049036,0.0017369596559257423
3188,2000.0,0.0
3189,2409.246330933023,0.0016343816262673078
3190,2000.0,0.0
3191,2218.758536470117,0.000873642365420254
3192,2326.270524044627,0.0013030063054576685
3193,2191.684975401941,0.0007655203679265369
3194,2096.4278433220343,0.0003850978823116396
3195,2193.8776799405487,0.0007742772357072769
3196,2000.0,0.0
3197,2000.0,0.0
3198,2000.0,0.0
3199,13259.22914855996,0.044965283389068064
3200,68275.39300240301,0.2646799162495116
3201,2178.2234725040307,0.0007117600007947693
3202,2053.520858996056,0.00021374292682299796
3203,2000.0,0.0
3204,2406.247465715664,0.0016224052447082384
3205,2000.0,0.0
3206,2056.8253753839126,0.00022693996845730806
3207,2027.7608612391957,0.00011086682545267262
3208,2000.0,0.0
3209,2285.3016123441867,0.001139391310110708
3210,2058.766609815086,0.00023469255570556652
3211,7040.11537870334,0.02012839541026496
3212,4457.211467545502,0.009813212656674881
3213,2352.610889276331,0.0014082001843269513
3214,2278.8474832734423,0.001113615856137222
3215,2395.2734964148235,0.0015785791858364956
3216,2425.44580288444,0.00169907645017023
3217,2000.0,0.0
3218,2188.7669427333585,0.0007538668022916157
3219,2187.046247364475,0.000746994968184039
3220,2000.0,0.0
3221,2000.0,0.0
3222,2000.0,0.0
3223,2227.4513567331624,0.0009083583412140377
3224,2324.735192824624,0.0012968747486261471
3225,2308.7623836136027,0.0012330851336164062
3226,2000.0,0.0
3227,4803.087732345956,0.01119451718996914
3228,2062.8913427636976,0.00025116524522021677
3229,2137.4507681924088,0.0005489285866970076
3230,2435.269702374844,0.0017383095467475608
3231,2399.8585234192433,0.0015968901231022698
3232,3768.3422604826483,0.007062118536031149
3233,2380.2099081087836,0.0015184206698226378
3234,2471.664963549049,0.0018836590383623196
3235,2072.399997735246,0.00028913936936345204
3236,2000.0,0.0
3237,2000.0,0.0
3238,2012.2209134178743,4.880590206108974e-05
3239,2698.9245988383655,0.0027912517135666726
3240,2000.0,0.0
3241,113983.77786272747,0.44722265087037555
3242,2462.563019606919,0.001847309170769331
3243,2000.0,0.0
3244,2467.5034178521846,0.0018670393320638651
3245,2308.6710722569655,0.0012327204691288413
3246,3002.330270561679,0.004002944079969414
3247,2240.8151680715023,0.0009617285636384868
3248,2000.0,0.0
3249,2217.1416304466256,0.0008671850283680921
3250,2121.1440713264537,0.00048380554531978447
3251,2450.1643460287833,0.0017977933590087418
3252,2000.0,0.0
3253,2000.0,0.0
3254,2268.930238555326,0.0010740099725278732
3255,2225.1589744529456,0.0008992033966342648
3256,2061.0391346746437,0.00024376819693912137
3257,2205.956987752629,0.0008225176162650755
3258,2000.0,0.0
3259,2238.662645921564,0.0009531321697649683
3260,2000.0,0.0
3261,2000.0,0.0
3262,2000.0,0.0
3263,2000.0,0.0
3264,2025.2602063716827,0.00010088011559071346
3265,2063.3432093618158,0.00025296983675755433
3266,2000.0,0.0
3267,2000.0,0.0
3268,2133.390857330583,0.0005327147731199293
3269,2000.0,0.0
3270,2251.117606391068,0.0010028727709838828
3271,2455.1577006900775,0.001817735009049316
3272,2041.4364973315028,0.00016548236300881203
3273,2420.884250520541,0.0016808592621167292
3274,2000.0,0.0
3275,2000.0,0.0
3276,2277.0951020110715,0.0011066174800469473
3277,2308.817258385197,0.001233304283579791
3278,2374.446592772601,0.0014954040757083637
3279,2000.0,0.0
3280,2321.5256439654645,0.0012840569729064277
3281,2001.2309862372651,4.916113197124192e-06
3282,2302.789236422357,0.0012092305470692167
3283,25152.265902471518,0.09246176480357343
3284,2000.0,0.0
3285,2496.8126040820216,0.001984089606761946
3286,2000.0,0.0
3287,2361.6064116864,0.0014441250428642877
3288,2211.595548392422,0.0008450359853052116
3289,2288.0643554094936,0.0011504247053124202
3290,2269.3736959374373,0.0010757809807021013
3291,4052.6927864311147,0.008197711551538667
3292,6510.761012872151,0.01801434579294421
3293,2247.635979417176,0.0009889684138142708
3294,6945.364037030642,0.01974999286835096
3295,2178.822791234613,0.000714153462745443
3296,2590.935924264933,0.002359984058300478
3297,2000.0,0.0
3298,2000.0,0.0
3299,2000.0,0.0
3300,2000.0,0.0
3301,2000.0,0.0
3302,2432.8210038659554,0.0017285303317645662
3303,2000.0,0.0
3304,2485.784557978868,0.001940047584727123
3305,2471.49360666432,0.0018829747010261806
3306,2000.0,0.0
3307,2271.9394423169524,0.0010860276424883696
3308,2180.6439113016554,0.0007214263567259845
3309,2252.517658484123,0.0010084640719773188
3310,36550.37077573454,0.13798166753955604
3311,2000.0,0.0
3312,2000.0,0.0
3313,2000.0,0.0
3314,2183.307364173657,0.0007320632228562281
3315,2489.272860679273,0.0019539786023306353
3316,40372.348050353576,0.15324526054332782
3317,2237.5876301263534,0.0009488389460245543
3318,2268.6092280175435,0.0010727279727025026
3319,29541.727016228335,0.10999168273144627
3320,2487.668033234625,0.0019475695027477927
3321,17697.136316218362,0.06268867731019265
3322,2242.4092433374367,0.000968094722913735
3323,95549.40467770287,0.37360244086954403
3324,2000.0,0.0
3325,2393.6044806852783,0.0015719137414912758
3326,3536.2133527123415,0.006135079750074681
3327,2000.0,0.0
3328,2105.7873420486562,0.00042247633043355354
3329,2449.612000701011,0.0017955874918162175
3330,2000.0,0.0
3331,2093.210538442272,0.00037224913185468327
3332,2000.0,0.0
3333,2000.0,0.0
3334,2000.0,0.0
3335,2281.6087247690843,0.0011246432546135263
3336,2391.2595765937194,0.0015625490438191773
3337,2000.0,0.0
3338,2000.0,0.0
3339,2000.0,0.0
3340,2000.0,0.0
3341,2142.745095909587,0.0005700722141173589
3342,2259.937736110118,0.0010380971746364303
3343,2218.3019847080564,0.0008718190630349881
3344,2010.442837841798,4.170491218775767e-05
3345,2144.0081967519245,0.0005751165814159801
3346,2000.0,0.0
3347,2000.0,0.0
3348,2445.4356956423867,0.001778908841972392
3349,2309.2061982559176,0.001234857568558496
3350,2438.1912766601336,0.0017499772563169189
3351,10410.69100749471,0.03358925372775239
3352,14899.468345051933,0.051515804683463416
3353,2219.514093686192,0.0008766597872960514
3354,2442.5909184897323,0.001767547832336647
3355,2033.3632824659705,0.00013324086676606665
3356,2000.0,0.0
3357,2000.0,0.0
3358,2640.571955946994,0.002558212391825255
3359,32565.691632245933,0.1220683021983426
3360,2000.0,0.0
3361,2000.0,0.0
3362,2261.0166456874863,0.001042405948732547
3363,2332.519045280396,0.0013279606362046267
3364,2172.1706194756994,0.0006875870980018548
3365,27870.190670655786,0.10331617195872077
3366,2000.0,0.0
3367,8292.544770673378,0.025130144801068836
3368,2000.0,0.0
3369,2000.0,0.0
3370,2000.0,0.0
3371,2000.0,0.0
3372,2000.0,0.0
3373,3402.486916271989,0.005601024795529262
3374,2307.9411180752722,0.0012298052964995441
3375,2256.441624330113,0.0010241349703972637
3376,2000.0,0.0
3377,2346.267127765025,0.001382865498413306
3378,2241.7407693306586,0.0009654250798363621
3379,2000.0,0.0
3380,2218.4751442252127,0.0008725105994321705
3381,2086.809312802945,0.0003466849550258881
3382,2051.4800494849796,0.0002055926727693811
3383,2000.0,0.0
3384,2114.6434206761323,0.0004578443010064999
3385,2475.183775005835,0.0018977118968892554
3386,2000.0,0.0
3387,2000.0,0.0
3388,2463.286623256006,0.0018501989816714116
3389,2000.0,0.0
3390,2000.0,0.0
3391,2000.0,0.0
3392,2418.600356142515,0.0016717382151441845
3393,2150.3727290679108,0.000600534218400818
3394,2435.3279191466495,0.0017385420434493943
3395,2000.0,0.0
3396,2000.0,0.0
3397,2144.9747621793395,0.0005789766936656147
3398,2000.0,0.0
3399,2341.5254667925988,0.0013639290218084837
3400,2403.5387271293266,0.001611587523836366
3401,2078.0588087256574,0.0003117386109697546
3402,2477.0872192684064,0.0019053135638908356
3403,2142.4104050755245,0.00056873558014333
3404,2000.0,0.0
3405,2091.1804122754197,0.00036414154320863965
3406,2000.0,0.0
3407,2343.2009282104536,0.0013706202078983352
3408,2000.0,0.0
3409,2000.0,0.0
3410,2152.253237603955,0.0006080442884174326
3411,2000.0,0.0
3412,2000.0,0.0
3413,2256.89308609041,0.0010259379451589678
3414,2000.0,0.0
3415,2081.666292997901,0.0003261455966064031
3416,2000.0,0.0
3417,2000.0,0.0
3418,2000.0,0.0
3419,2310.7290349860637,0.0012409392269227427
3420,6481.929874309489,0.017899204667491106
3421,2000.0,0.0
3422,2467.7449753393016,0.001868004025180921
3423,2175.810002780083,0.0007021214768197833
3424,2213.3283242906055,0.0008519560646715277
3425,2267.9411025140653,0.0010700597214210895
3426,2263.295112283665,0.0010515053191102082
3427,2355.8488865485506,0.001421131572705082
3428,2086.774921078158,0.00034654760693297003
3429,2126.6868700117607,0.0005059414757964519
3430,61724.454712825005,0.2385178413180456
3431,2000.0,0.0
3432,2000.0,0.0
3433,2231.7121527409754,0.0009253744173082726
3434,2000.0,0.0
3435,2000.0,0.0
3436,2000.0,0.0
3437,2000.0,0.0
3438,2210.9847303179045,0.0008425965991396538
3439,2202.7813041639342,0.0008098350861703799
3440,2036.8439303965697,0.0001471413139913537
3441,2000.0,0.0
3442,2046.6991331675265,0.0001864994245338921
3443,4971.945886614963,0.01186887550163313
3444,2276.3673222847597,0.0011037109914049052
3445,2163.2212865592414,0.0006518467035732424
3446,2093.2526138695994,0.00037241716587269047
3447,2089.585665843996,0.0003577727035415073
3448,6299.893279485499,0.01717221643717442
3449,2305.0353773627603,0.0012182008204853073
3450,2097.583648368102,0.00038971374905999445
3451,7007.4460482928225,0.01999792593667512
3452,2000.0,0.0
3453,2454.007410655845,0.0018131411672608223
3454,3905.9187534106154,0.007611549221787408
3455,2000.0,0.0
3456,2499.5271403101374,0.001994930481315311
3457,10751.716683078943,0.034951186764487385
3458,2000.0,0.0
3459,2000.0,0.0
3460,2000.0,0.0
3461,2179.695119610295,0.0007176372263409201
3462,2000.0,0.0
3463,2446.7106854759445,0.0017840006895960304
3464,2449.5252320181426,0.0017952409691224351
3465,2136.8432533984637,0.0005465023926376853
3466,2193.311145116761,0.0007720147008067734
3467,2000.0,0.0
3468,2000.0,0.0
3469,2289.9683561534525,0.0011580285946991165
3470,2000.0,0.0
3471,2000.0,0.0
3472,2000.0,0.0
3473,2000.0,0.0
3474,2404.2551122821123,0.0016144485066785924
3475,31478.72931612347,0.11772736838015706
3476,2266.1447280640614,0.001062885652472716
3477,2341.079145137551,0.0013621465747655215
3478,2183.445843039137,0.0007326162572911382
3479,2377.49936249113,0.001507595732322153
3480,2025.2017630136882,0.000100646713985705
3481,2379.0176680483814,0.0015136592948229444
3482,2105.178648398703,0.00042004542845028824
3483,5354.267910334932,0.013395731196247812
3484,2455.316517328373,0.0018183692651829834
3485,2000.0,0.0
3486,2000.0,0.0
3487,2000.0,0.0
3488,2497.244168774596,0.0019858131198414192
3489,2000.0,0.0
3490,2119.7340075548573,0.0004781742613082507
3491,2406.501505628739,0.0016234197881137263
3492,2090.5662720779087,0.00036168888968703995
3493,2116.616486367335,0.00046572401077877267
3494,2000.0,0.0
3495,2509.8299249343286,0.0020360760716759563
3496,2000.0,0.0
3497,2000.0,0.0
3498,2102.3962025900814,0.00040893334762765084
3499,2237.5100686123933,0.0009485291934287696
3500,2336.4201608726135,0.0013435402789868326
3501,2171.699882324253,0.0006857071443089977
3502,2319.0798090552007,0.001274289194099212
3503,2014.1680468487389,5.6582047777633745e-05
3504,2000.0,0.0
3505,3566.334705952085,0.006255373525662376
3506,2000.0,0.0
3507,2000.0,0.0
3508,2096.393073014946,0.0003849590222981241
3509,2000.0,0.0
3510,2148.4795800531138,0.0005929736668901526
3511,2084.4873187942303,0.00033741175192717257
3512,2242.354241491152,0.000967875065460061
3513,2233.569730850725,0.0009327929115071319
3514,2000.0,0.0
3515,2000.0,0.0
3516,2168.1182573130427,0.000671403431195294
3517,2177.1459743126734,0.0007074568632632096
3518,2000.0,0.0
3519,2000.0,0.0
3520,2255.236010548918,0.0010193201856003725
3521,2217.9286583008557,0.0008703281325747481
3522,6383.048088237122,0.017504306626595488
3523,2052.833503740315,0.0002109978788756156
3524,2414.1648629684723,0.0016540244618392687
3525,2000.0,0.0
3526,2384.1311571873707,0.0015340807184575263
3527,2000.0,0.0
3528,2105.7989059693723,0.00042252251254470963
3529,2039.4691431384092,0.00015762546289141421
3530,2000.0,0.0
3531,2432.317549671706,0.0017265197180521032
3532,2063.940181867444,0.00025535392873551194
3533,2463.414621408492,0.0018507101599344964
3534,2000.0,0.0
3535,8996.767486639887,0.027942555275590815
3536,2393.0206187327776,0.001569582008314174
3537,2437.9116591965044,0.0017488605654381092
3538,2145.4659330966247,0.000580938252418596
3539,2000.0,0.0
3540,2248.197945684576,0.000991212703555188
3541,2139.182453223568,0.0005558443095355133
3542,2455.623732682101,0.0018195961720395368
3543,4035.054498723177,0.00812727061860972
3544,2000.0,0.0
3545,2000.0,0.0
3546,2258.9068549493436,0.0010339802086414187
3547,2479.287695184466,0.0019141014677385056
3548,2000.0,0.0
3549,6979.290653962173,0.019885483488945872
3550,2441.5442900477333,0.0017633679774037205
3551,2000.0,0.0
3552,2000.0,0.0
3553,2253.565678759767,0.0010126494853897328
3554,2218.370700716631,0.0008720934898858983
3555,2000.0,0.0
3556,2367.538201720925,0.0014678144639061336
3557,2118.739078275914,0.00047420087410833707
3558,2425.75789866929,0.0017003228477011044
3559,2402.3927047941634,0.0016070107256922934
3560,2350.006215240133,0.001397798059578582
3561,2112.719116995537,0.00045015932904412907
3562,2000.0,0.0
3563,2104.780403128906,0.0004184549810778704
3564,2000.0,0.0
3565,2227.076918778741,0.0009068629716367758
3566,2000.0,0.0
3567,2108.9383700005783,0.0004350603948446736
3568,2000.0,0.0
3569,2000.0,0.0
3570,2000.0,0.0
3571,2196.0252341693363,0.0007828537895029856
3572,2329.429369618007,0.0013156215906175318
3573,2000.0,0.0
3574,2380.2269481243075,0.0015184887214731435
3575,2388.6141559636835,0.0015519841919324866
3576,2000.0,0.0
3577,2227.2032527762576,0.0009073675038676291
3578,2022.0904253627596,8.822115826185098e-05
3579,2000.0,0.0
3580,2122.9299348504883,0.0004909376374366489
3581,2000.0,0.0
3582,2402.77772431679,0.0016085483542205709
3583,2439.431807527687,0.0017549314873105699
3584,2357.2905096091226,0.0014268888930867463
3585,150976.57638384204,0.5949584902345971
3586,2146.078872900364,0.0005833861120022252
3587,2487.6859012807436,0.001947640861252601
3588,2000.0,0.0
3589,2000.0,0.0
3590,2149.5527388809423,0.0005972594745753939
3591,2000.0,0.0
3592,2000.0,0.0
3593,2000.0,0.0
3594,2176.9915276383463,0.0007068400591829314
3595,2000.0,0.0
3596,6121.967047649758,0.016461643507955162
3597,2000.0,0.0
3598,2000.0,0.0
3599,2403.175097909166,0.0016101353204290708
3600,2000.0,0.0
3601,2243.2593680956747,0.0009714898133027713
3602,2305.237570721526,0.0012190083075304982
3603,2000.0,0.0
3604,2357.312588009633,0.0014269770662221036
3605,2253.503727733559,0.0010124020754282755
3606,2147.393782960761,0.0005886373865536861
3607,2000.0,0.0
3608,2000.0,0.0
3609,2860.1552826624606,0.00343514867076564
3610,2325.827138802848,0.0013012355853858001
3611,19142.75916451566,0.06846197139540217
3612,2450.0522070183574,0.0017973455164152358
3613,2421.8425639344223,0.0016846864188129942
3614,2000.0,0.0
3615,3491.533456411732,0.005956644426266743
3616,161119.08193017053,0.6354639840076042
3617,2060.916595208924,0.00024327881869397328
3618,2331.6465632005247,0.001324476258770288
3619,2000.0,0.0
3620,2000.0,0.0
3621,2301.0590206330417,0.0012023206918505072
3622,2334.416630881272,0.001335538905833265
3623,2195.771680971699,0.0007818411898626778
3624,2000.0,0.0
3625,2000.0,0.0
3626,2473.411170913626,0.0018906327581408467
3627,5552.968911110625,0.014189271028476313
3628,2057.7004401950694,0.00023043466038499653
3629,2141.8662001925595,0.0005665622229390887
3630,2027.601869491511,0.0001102318699955241
3631,2142.1372516779315,0.0005676447044031356
3632,11527.736718838658,0.03805032973094821
3633,2361.371935681749,0.0014431886306234543
3634,2427.240815838627,0.001706245081797413
3635,2445.6882078522895,0.0017799172842847075
3636,2151.4369646635096,0.0006047843899283211
3637,5395.041446798101,0.013558565933657467
3638,4869.890036211321,0.011461301397370493
3639,2370.6588730367253,0.0014802772949070505
3640,2150.3857936531012,0.0006005863936223814
3641,2259.984817457809,0.0010382852004873436
3642,2299.7834805769985,0.0011972266468375393
3643,2241.1150213738297,0.0009629260691281089
3644,2296.9068445834473,0.0011857384045297816
3645,2000.0,0.0
3646,2098.699637617438,0.0003941706059365571
3647,2170.61484368407,0.0006813738929558038
3648,5377.741337865985,0.013489475564278689
3649,2384.770007050946,0.0015366320534361197
3650,2188.0196067559295,0.0007508822130654312
3651,2000.0,0.0
3652,2353.0856580606614,0.0014100962389013844
3653,2273.6455731524356,0.0010928413111244793
3654,5826.445838485637,0.015281438829445328
3655,2013.6339694894848,5.4449136235139306e-05
3656,2383.362005355994,0.0015310090046118663
3657,2031.2220657058897,0.00012468962252509125
3658,2156.407322356473,0.0006246341984063476
3659,2000.0,0.0
3660,2215.8984917422895,0.0008622203826188276
3661,2274.540633702349,0.0010964158587907728
3662,2153.6874923910336,0.000613772182583381
3663,2097.247053634893,0.0003883695116023225
3664,2347.9491789693666,0.0013895830017237182
3665,16561.64217125639,0.05815392494471897
3666,2245.0981737321936,0.0009788333370425
3667,2000.0,0.0
3668,2467.2586704639884,0.0018660618996372072
3669,2265.813755356273,0.0010615638673484064
3670,2490.3511431299394,0.0019582848719098336
3671,2477.0090530150947,0.001905001396185102
3672,2613.8760124724267,0.0024515984622361254
3673,13586.444610298224,0.04627206343343972
3674,2549.2096623441034,0.0021933444804678754
3675,2187.5434947975737,0.0007489807943404075
3676,2000.0,0.0
3677,2134.681133939006,0.0005378676705858672
3678,2312.3012179154616,0.0012472179561347566
3679,2116.6857269644543,0.0004660005326463379
3680,2394.5913027245265,0.0015758547513120974
3681,2000.0,0.0
3682,2004.7522784389073,1.8978878920548545e-05
3683,2104.7715348749257,0.00041841956448334695
3684,2045.8602366952862,0.00018314917585250667
3685,2222.350240583775,0.0008879863308187165
3686,2000.0,0.0
3687,2370.0938342843897,0.0014780207347740836
3688,2087.507407361161,0.0003494728918578306
3689,2000.0,0.0
3690,2000.0,0.0
3691,2078.7803215954614,0.00031462007205661224
3692,2000.0,0.0
3693,2264.1007567993775,0.0010547227715203035
3694,15422.567313993106,0.053604872511164345
3695,2336.258770022201,0.0013428957423822895
3696,2000.0,0.0
3697,2173.7415559054243,0.0006938608491456281
3698,2000.0,0.0
3699,2000.0,0.0
3700,2411.0363953451465,0.0016415304952097365
3701,2135.2784731858487,0.0005402532271954093
3702,2408.71095611536,0.0016322435331458402
3703,2000.0,0.0
3704,28387.53431035693,0.10538225508588309
3705,2000.0,0.0
3706,2076.7617107654532,0.00030655847149533774
3707,2084.0640601556343,0.00033572141021903125
3708,2498.1183737469605,0.0019893043778843843
3709,7404.068804525455,0.021581893577553496
3710,3841.230328227779,0.007353207080246503
3711,2381.572028481273,0.0015238604852621206
3712,2390.9456315374964,0.0015612952609682026
3713,2142.55890523023,0.0005693286359779292
3714,2000.0,0.0
3715,2115.380883430637,0.00046078946015617496
3716,2000.0,0.0
3717,2339.285958751952,0.0013549852377917372
3718,2098.623326968264,0.0003938658488416933
3719,4401.21902371243,0.009589599115163239
3720,2198.153075484835,0.0007913516170625755
3721,2111.455466491747,0.0004451127665967402
3722,2268.8554831821216,0.001073711426641949
3723,46976.13304145821,0.17961838606084804
3724,2103.1463715441873,0.0004119292507366451
3725,2423.605080335558,0.0016917252709767842
3726,2750.4835367350156,0.002997159438080722
3727,2478.6789469967243,0.0019116703479510663
3728,2349.7524414809536,0.00139678457909536
3729,2388.586689491896,0.0015518745007918819
3730,2086.326265896857,0.00034475584063129935
3731,2369.761239470078,0.0014766924715438109
3732,2000.0,0.0
3733,2309.55854285134,0.0012362647052616155
3734,2000.0,0.0
3735,2000.0,0.0
3736,5974.034526227079,0.01587085459510309
3737,2000.0,0.0
3738,2009.6136924993466,3.839360598711754e-05
3739,2356.0837958269585,0.00142206971528438
3740,37791.852800611676,0.142939697111072
3741,2000.0,0.0
3742,2296.224937723658,0.0011830151155025493
3743,2000.0,0.0
3744,2312.5912860120484,0.0012483763830566236
3745,2333.618594263818,0.0013323518366134095
3746,2021.3590204019854,8.530019174634099e-05
3747,2277.982258533976,0.00111016046189202
3748,47868.834751268034,0.18318351337408317
3749,2432.1107229960794,0.0017256937272174516
3750,2340.5703788436213,0.001360114746450855
3751,30130.07968397547,0.11234135019880993
3752,2012.3572083175677,4.9350214527630124e-05
3753,2087.3708114240517,0.00034892737715687926
3754,7788.377431482818,0.023116683045996962
3755,2000.0,0.0
3756,2343.106192247099,0.0013702418667718552
3757,2000.0,0.0
3758,2344.7924659084306,0.0013769762330462093
3759,2000.0,0.0
3760,2000.0,0.0
3761,2498.140357895858,0.0019893921746129348
3762,3175.9925207950655,0.004696488210983589
3763,2406.278002772963,0.00162252719865528
3764,2461.0239580852935,0.0018411627164641557
3765,2050.6530475315903,0.00020228992648837
3766,2000.0,0.0
3767,6591.644138901206,0.01833736370432186
3768,2000.0,0.0
3769,2100.9673068307716,0.0004032268554776952
3770,2000.0,0.0
3771,2448.4406853914556,0.0017909096826929493
3772,2000.0,0.0
3773,2000.0,0.0
3774,75892.11485705183,0.29509834473791263
3775,2000.0,0.0
3776,2000.0,0.0
3777,42603.31504440926,0.1621549347133576
3778,2000.0,0.0
3779,2224.8380840489426,0.0008979218765796989
3780,2000.0,0.0
3781,2192.0195055226986,0.0007668563600698348
3782,2412.206346917033,0.0016462028580586704
3783,2182.0454124205617,0.0007270234446038679
3784,15459.125361093911,0.053750872110812684
3785,2255.626233029105,0.0010208785928567561
3786,7997.287245005944,0.02395099317894475
3787,2000.0,0.0
3788,2000.0,0.0
3789,2471.4261189632866,0.0018827051795907244
3790,4776.558888192982,0.011088570594550975
3791,2000.0,0.0
3792,2961.403712956143,0.003839498231537836
3793,49745.54996467359,0.19067843423393166
3794,51643.99972479556,0.19826015500161945
3795,2368.4104299447954,0.0014712978275315466
3796,11482.3674496895,0.037869141301657944
3797,2148.5222725833346,0.0005931441653936158
3798,2408.130301307073,0.0016299246081411742
3799,2237.951657773432,0.0009502927406046593
3800,2214.1837846328763,0.0008553724634507657
3801,2000.0,0.0
3802,2000.0,0.0
3803,2472.1136936459193,0.0018854511038496405
3804,2179.0866960802823,0.0007152074031188654
3805,2032.5467273171434,0.00012997984123888813
3806,2171.216656728174,0.0006837773162913022
3807,2000.0,0.0
3808,2357.701819123285,0.0014285315143195958
3809,15889.196094791037,0.055468418859606676
3810,2343.6368050543574,0.0013723609421484578
3811,2127.502754610888,0.0005091998233909874
3812,2000.0,0.0
3813,2000.0,0.0
3814,2352.6666842612844,0.0014084230092892142
3815,2000.0,0.0
3816,2000.0,0.0
3817,2304.702184660705,0.001216870169507927
3818,2000.0,0.0
3819,2011.4672044733197,4.5795861512345354e-05
3820,2000.0,0.0
3821,2387.3427829575176,0.0015469067886075202
3822,2000.0,0.0
3823,2000.0,0.0
3824,2000.0,0.0
3825,2000.0,0.0
3826,2000.0,0.0
3827,2000.0,0.0
3828,2000.0,0.0
3829,2033.642306716918,0.00013435518856827304
3830,2403.573484471901,0.0016117263320743081
3831,2000.0,0.0
3832,2000.0,0.0
3833,2426.6765404332773,0.0017039915701958421
3834,2412.011739327937,0.0016454256658301521
3835,2243.560666636753,0.0009726930905525327
3836,2000.0,0.0
3837,4561.972760717359,0.010231591319505478
3838,2000.0,0.0
3839,2000.0,0.0
3840,35971.801450137405,0.13567107119744104
3841,2003.9987156111133,1.5969421909225665e-05
3842,2160.6572840562803,0.0006416070061983411
3843,2000.0,0.0
3844,2188.659640372776,0.0007534382755258612
3845,2000.0,0.0
3846,2000.0,0.0
3847,2332.538873315688,0.0013280398221963315
3848,2402.6517847150863,0.0016080453970637523
3849,2000.0,0.0
3850,2157.2126410762207,0.0006278503497053559
3851,24155.783351204926,0.08848217439656102
3852,2000.0,0.0
3853,2000.0,0.0
3854,3053.8995638900255,0.004208893160327163
3855,40331.13126535649,0.15308065563180798
3856,2290.2857450883266,0.0011592961311541316
3857,2000.0,0.0
3858,2040.5700189975335,0.0001620219623611873
3859,3418.5896914050836,0.0056653334473611375
3860,2000.0,0.0
3861,2000.0,0.0
3862,2000.0,0.0
3863,2461.828726040255,0.0018443766682080826
3864,2192.108471990737,0.0007672116599216003
3865,2005.1281827223218,2.0480104484738373e-05
3866,38171.72488176374,0.14445676862238252
3867,2000.0,0.0
3868,2180.2186251128655,0.0007197279177166994
3869,2000.0,0.0
3870,2134.035256838021,0.0005352882713661588
3871,2301.560406617394,0.001204323045881698
3872,2038.868278635829,0.00015522582768722273
3873,3866.3059236333997,0.007453349926500551
3874,2000.0,0.0
3875,2000.0,0.0
3876,2044.0212557164168,0.00017580495185893705
3877,2406.676216562374,0.0016241175203064381
3878,2000.0,0.0
3879,2159.244404625457,0.00063596447746362
3880,2247.444655743809,0.0009882043363558177
3881,2000.0,0.0
3882,2000.0,0.0
3883,2000.0,0.0
3884,2236.0745393188568,0.0009427962093456234
3885,2051.2280897824776,0.00020458643697151765
3886,2287.3560545745963,0.001147596008307888
3887,2394.0782924585537,0.0015738059741101599
3888,2306.697821278834,0.0012248400193876803
3889,2493.7977658505993,0.00197204943476976
3890,2303.4888549853194,0.0012120245702241569
3891,2381.7433560059603,0.0015245447053448876
3892,2365.893086772001,0.0014612444706224095
3893,2284.2126098240374,0.0011350422284565533
3894,2341.4414533247127,0.001363593502445467
3895,2447.746582293928,0.001788137686309383
3896,2080.165902821034,0.00032015358164633537
3897,2210.629619130035,0.0008411784136682955
3898,2111.951777258218,0.0004470948520458387
3899,2380.8295897536586,0.001520895453878025
3900,2045.087682297206,0.00018006387338776603
3901,2355.7814169157864,0.001420862123427749
3902,2339.483660045711,0.0013557747851562132
3903,2469.5088810948723,0.0018750484259231325
3904,2000.0,0.0
3905,2267.69560790873,0.0010690793048798025
3906,7074.248050864431,0.020264708940818332
3907,2449.0227942437323,0.001793234414622688
3908,2425.521934444425,0.0016993804920477345
3909,2158.820689366759,0.0006342723121801671
3910,63281.7158996712,0.2447369784946161
3911,2163.3225486911842,0.0006522511078534392
3912,2000.0,0.0
3913,2479.9701619390166,0.0019168269927826356
3914,2000.0,0.0
3915,2279.7889747610334,0.0011173758321523942
3916,2336.63600384425,0.001344402277642258
3917,2987.893426141749,0.003945288552044658
3918,38079.98794739541,0.14409040453149413
3919,2000.0,0.0
3920,2000.0,0.0
3921,2385.1968007212736,0.0015383365127806924
3922,2108.605189398812,0.0004337297921914642
3923,2000.0,0.0
3924,2273.615578210311,0.0010927215221891023
3925,2000.0,0.0
3926,2401.1158006007036,0.0016019112328085425
3927,2000.0,0.0
3928,2000.0,0.0
3929,2000.0,0.0
3930,8025.486077699852,0.024063609103764497
3931,2060.59007025463,0.00024197479628624945
3932,2301.049715682514,0.001202283531248136
3933,2071.682069754429,0.00028627222502484485
3934,2000.0,0.0
3935,2000.0,0.0
3936,24165.411344454966,0.088520625114567
3937,2000.0,0.0
3938,2442.2783214622514,0.0017662994330242422
3939,2000.0,0.0
3940,2490.5411396457202,0.0019590436491815546
3941,2000.0,0.0
3942,2000.0,0.0
3943,2000.0,0.0
3944,2000.0,0.0
3945,2332.023815331133,0.0013259828671480112
3946,2110.0423300328844,0.00043946921138512084
3947,2000.0,0.0
3948,2229.63968370525,0.0009170977265795487
3949,2204.5172207602564,0.0008167677083475745
3950,2451.8976713820725,0.0018047156326997486
3951,2469.008413398704,0.0018730497392023659
3952,80207.57283151278,0.3123327209296494
3953,2354.2527417953347,0.001414757148647151
3954,2333.940080268143,0.0013336357352799477
3955,2093.0428261599195,0.0003715793497404453
3956,2263.5666304267334,0.0010525896642360824
3957,2000.0,0.0
3958,2306.4168665202455,0.0012237179878371411
3959,4596.209206649805,0.010368319284917197
3960,2000.0,0.0
3961,2368.8926276734837,0.0014732235506191536
3962,2446.384021319417,0.001782696111265001
3963,6385.446196075765,0.017513883800764282
3964,2119.848950087363,0.000478633300153573
3965,2442.286580370391,0.0017663324161121697
3966,2468.1808036183743,0.0018697445654806966
3967,2000.0,0.0
3968,2000.0,0.0
3969,2258.515712920685,0.0010324181290414809
3970,2000.0,0.0
3971,2000.0,0.0
3972,2000.0,0.0
3973,2001.6767585755351,6.69636646782705e-06
3974,2149.863595534195,0.0005985009234634533
3975,2222.4720530433465,0.0008884728056646127
3976,4112.537218360274,0.008436708538405802
3977,2322.6883766225733,0.001288700506024261
3978,2032.225130991033,0.0001286955019870941
3979,2000.0,0.0
3980,10529.023508725359,0.03406183088039467
3981,2000.0,0.0
3982,2000.0,0.0
3983,2000.0,0.0
3984,29593.082593917723,0.11019677830894484
3985,2000.0,0.0
3986,2000.0,0.0
3987,2232.8796428540577,0.0009300369499822252
3988,2203.668333178077,0.0008133775587916385
3989,2448.546911518434,0.0017913339113714757
3990,2338.534633117847,0.0013519847153217503
3991,2154.204893472953,0.000615838495113959
3992,2000.0,0.0
3993,2151.2574551401253,0.0006040674939060877
3994,2000.0,0.0
3995,47541.54987140774,0.18187645609887376
3996,2044.7079179286823,0.00017854723204168213
3997,2012.2069031577564,4.874995015636922e-05
3998,2042.2510474903534,0.0001687353813321843
3999,2000.0,0.0
4000,2248.664358099059,0.0009930753858149299
4001,2372.755573839024,0.001488650758535286
4002,2314.813594079182,0.0012572514766085886
4003,4107.326950613076,0.00841590061606099
4004,2130.6758394664107,0.0005218719750865932
4005,2000.0,0.0
4006,2278.347198953537,0.0011116179017548345
4007,2135.986351662798,0.0005430802374552651
4008,40841.51083754963,0.1551189267955662
4009,2891.0026142748734,0.003558341741041334
4010,2000.0,0.0
4011,2448.4854291757933,0.0017910883731624382
4012,2199.489796093782,0.0007966899950456706
4013,2080.7299477260226,0.00032240617271294715
4014,2196.7373917667264,0.0007856978890200851
4015,2030.9938599885254,0.00012377825154072722
4016,2076.145818562413,0.00030409882109819035
4017,2000.0,0.0
4018,3793.7149057867323,0.007163447691995112
4019,26766.15110826841,0.09890703780393359
4020,2248.4737859503284,0.0009923143096736888
4021,2000.0,0.0
4022,3181.8098729467238,0.004719720608567998
4023,2000.0,0.0
4024,2246.047834746,0.0009826259391865644
4025,2214.1802517440483,0.0008553583543723167
4026,4968.279432680845,0.011854233012524392
4027,2186.503133004642,0.000744825966134224
4028,2467.281470455628,0.0018661529545461897
4029,2106.6753301563126,0.00042602263332694457
4030,2285.8552924122814,0.0011416025077726662
4031,2264.359464987662,0.001055755958326238
4032,2000.0,0.0
4033,2000.0,0.0
4034,2039.213678525574,0.00015660522975107644
4035,2000.0,0.0
4036,2528.1713144537407,0.0021093249385928468
4037,2012.7684911426447,5.099272917393795e-05
4038,2695.4779462519787,0.002777487031433849
4039,2435.347006176014,0.001738618270131798
4040,2343.43349270135,0.0013715489862455403
4041,2050.0290854172035,0.00019979804778803845
4042,2264.995289346597,0.0010582952105350676
4043,2000.0,0.0
4044,2075.9723152994934,0.0003034059119049262
4045,2000.0,0.0
4046,2240.7279934524518,0.0009613804197826144
4047,2000.0,0.0
4048,2459.402251284663,0.00183468620684683
4049,2000.0,0.0
4050,2151.0447184141813,0.0006032179004709492
4051,2000.0,0.0
4052,2196.0901031578724,0.0007831128527491637
4053,2073.6338801065876,0.0002940670486711646
4054,2000.0,0.0
4055,2000.0,0.0
4056,2000.0,0.0
4057,43696.81406775955,0.16652197377276814
4058,2000.0,0.0
4059,22181.395060859148,0.08059718264232442
4060,2499.2320140044426,0.001993751853738233
4061,2029.848581485788,0.00011920442399396443
4062,4176.823502003031,0.008693444672281917
4063,2462.3430325008117,0.0018464306219417373
4064,2000.0,0.0
4065,2034.8689004436267,0.0001392537596690991
4066,2860.004506360855,0.0034345465248246873
4067,2431.6793954974096,0.0017239711614045264
4068,2270.309033145681,0.001079516378754499
4069,2070.9006039200094,0.0002831513335108775
4070,2479.553631187283,0.001915163519817938
4071,2000.0,0.0
4072,2489.5137620304063,0.001954940675078209
4073,2379.513241366751,0.0015156384351714108
4074,2560.730581543024,0.002239354859140048
4075,2000.0,0.0
4076,22301.71185335284,0.08107768433560728
4077,2000.0,0.0
4078,2230.65222349816,0.000921141443794125
4079,2112.687550388896,0.00045003326344989283
4080,2118.5343685955036,0.0004733833377858522
4081,2439.695342786574,0.0017559839516882395
4082,2196.06472532261,0.0007830115028663858
4083,7904.682137007542,0.023581161917010096
4084,3149.59388506112,0.00459106162083257
4085,2000.0,0.0
4086,2000.0,0.0
4087,2000.0,0.0
4088,16393.881974961194,0.05748395147954761
4089,2348.233072969084,0.0013907167715388018
4090,2263.898774377695,0.0010539161268814292
4091,2124.276014088681,0.0004963133903954763
4092,2000.0,0.0
4093,2234.79543225948,0.0009376879190132279
4094,2350.3242781566087,0.0013990682876720145
4095,2404.986572537367,0.0016173696940202306
4096,2137.612982565067,0.0005495764121511409
4097,2355.9080974557605,0.0014213680396236682
4098,2109.044762730156,0.00043548528887364137
4099,35047.05065368163,0.13197795143957392
4100,2079.6240713503125,0.0003179897029909999
4101,54868.89469330633,0.21113921752408465
4102,2392.34548449768,0.0015668857666970726
4103,2009.099149011731,3.633870565323584e-05
4104,2016.7301432325617,6.681413280304818e-05
4105,2000.0,0.0
4106,2114.9613826356936,0.00045911412591457916
4107,2135.880026951568,0.0005426556150669448
4108,2228.3689162483656,0.0009120227415990965
4109,17102.672767515007,0.06031460519750844
4110,2000.0,0.0
4111,2393.4736499311007,0.0015713912508429385
4112,2000.0,0.0
4113,2438.3547358721394,0.0017506300532085552
4114,2000.0,0.0
4115,2148.0459809889844,0.00059124202926749
4116,2129.292074823562,0.0005163457202703448
4117,2362.9182783415963,0.0014493641631576262
4118,2000.0,0.0
4119,2427.949738333969,0.0017090762614886106
4120,2125.142537737656,0.0004997739720148196
4121,2168.887507131493,0.0006744755363658362
4122,24752.37713904388,0.09086475391282987
4123,2108.1330346382138,0.0004318441770810814
4124,2000.0,0.0
4125,2097.6725294452785,0.00039006870789158425
4126,2000.0,0.0
4127,11558.759306992972,0.03817422271237843
4128,4414.238705464074,0.009641595008654141
4129,2219.281279349712,0.0008757300111560725
4130,2098.1577035792848,0.0003920063176640464
4131,7869.701312733822,0.023441461174099808
4132,2000.0,0.0
4133,2000.0,0.0
4134,2000.0,0.0
4135,2186.6406055770917,0.000745374981799227
4136,2000.0,0.0
4137,2405.375538619817,0.0016189230836790892
4138,2000.0,0.0
4139,2000.0,0.0
4140,2400.5968130877172,0.001599838584646851
4141,2864.7661747914062,0.003453562903971025
4142,2040.3381038669886,0.0001610957773240454
4143,2467.221107209954,0.0018659118856051288
4144,2455.495375326219,0.001819083559248185
4145,2271.9335114119344,0.0010860039566017634
4146,2000.0,0.0
4147,2174.672100329118,0.0006975771065523672
4148,2491.262348033806,0.0019619238942787057
4149,2457.5329827391843,0.0018272210252816713
4150,2000.0,0.0
4151,2016.7738424722947,6.69886517396974e-05
4152,2000.0,0.0
4153,2000.0,0.0
4154,2255.8386489990085,0.0010217269053084382
4155,2000.0,0.0
4156,2000.0,0.0
4157,2000.0,0.0
4158,2098.3740470229322,0.00039287031502342404
4159,2000.0,0.0
4160,2045.6723388635912,0.00018239877996493147
4161,2000.0,0.0
4162,2463.079911960117,0.0018493734516216442
4163,2000.0,0.0
4164,2117.509723080507,0.00046929127470166955
4165,2000.0,0.0
4166,2000.0,0.0
4167,2000.0,0.0
4168,2000.0,0.0
4169,2000.0,0.0
4170,2094.7873262105736,0.0003785462511255149
4171,2221.4524168460594,0.0008844007479811063
4172,2000.0,0.0
4173,2052.8148991234143,0.0002109235787738726
4174,2164.9976182826817,0.00065894072913073
4175,30672.605121543653,0.11450800030639316
4176,2000.0,0.0
4177,4583.052350500817,0.010315775566564671
4178,2000.0,0.0
4179,60796.50494769733,0.23481194603789474
4180,2000.0,0.0
4181,2073.402340735152,0.0002931423642798126
4182,2492.353743140258,0.001966282531056013
4183,2497.0120503513067,0.0019848861229266827
4184,2483.6973448994304,0.0019317120116277616
4185,2038.4691090402623,0.0001536316888924496
4186,2000.0,0.0
4187,2000.0,0.0
4188,2000.0,0.0
4189,2000.0,0.0
4190,2000.0,0.0
4191,2062.5535480392527,0.00024981621543215815
4192,2000.0,0.0
4193,2000.0,0.0
4194,2272.879976526998,0.001089783795483728
4195,2000.0,0.0
4196,2381.4942845972355,0.0015235500043462979
4197,2000.0,0.0
4198,2130.7147920692996,0.000522027537674807
4199,2000.0,0.0
4200,5635.32282017501,0.014518162714613743
4201,2000.0,0.0
4202,2000.0,0.0
4203,2189.7787016336124,0.0007579074009037463
4204,2000.0,0.0
4205,2000.0,0.0
4206,2443.8146001080586,0.001772434773531291
4207,2000.0,0.0
4208,7082.856300275048,0.020299087171257106
4209,2152.1184901567094,0.0006075061559155173
4210,2138.611073466612,0.0005535624257266593
4211,2000.0,0.0
4212,3307.8129123990234,0.005222931112777447
4213,2000.0,0.0
4214,2277.0161167391084,0.001106302041477351
4215,2000.0,0.0
4216,2000.0,0.0
4217,2128.311103906586,0.0005124280777127378
4218,2421.895936210514,0.0016848995683535102
4219,2337.1733186268343,0.001346548118281013
4220,2457.513832907006,0.0018271445477875733
4221,2221.5698768264683,0.0008848698406015935
4222,2230.33720882567,0.0009198833892831715
4223,2084.024799540973,0.00033556461754335326
4224,2424.1490586935806,0.00169389772352245
4225,2108.7017194162636,0.0004341152981202443
4226,2000.0,0.0
4227,2212.5863948345686,0.000848993067133666
4228,2136.911594720771,0.0005467753231273471
4229,2000.0,0.0
4230,2014.1803311299436,5.663110674768504e-05
4231,2000.0,0.0
4232,2377.4670200089054,0.0015074665681618412
4233,2003.074045578487,1.2276624692842894e-05
4234,2357.2441861111142,0.001426703893812992
4235,2053.9116751207566,0.00021530370488056366
4236,32023.51669439905,0.11990305185970342
4237,2302.8004507564883,0.0012092753330581654
4238,2000.0,0.0
4239,2439.72017572677,0.0017560831254574694
4240,2084.4479126391343,0.0003372543780157094
4241,2000.0,0.0
4242,2000.0,0.0
4243,24883.175055412445,0.09138711341885025
4244,2478.6072878796376,0.0019113841673906833
4245,2000.0,0.0
4246,2274.0156261404936,0.0010943191687342192
4247,2459.682434320635,0.0018358051564167383
4248,2235.2299440989054,0.0009394232019298357
4249,2137.7330167552805,0.000550055785233268
4250,2058.8782464137075,0.0002351383918482875
4251,2362.555573630093,0.0014479156519030725
4252,2379.725761956856,0.0015164871654382867
4253,2000.0,0.0
4254,2462.7361989227443,0.0018480007862352252
4255,2016.0922905651057,6.426678026459284e-05
4256,2340.0624553532225,0.0013580862839882475
4257,2473.455902465787,0.0018908113997594522
4258,2262.926480684489,0.001050033138012869
4259,2000.0,0.0
4260,2168.9095641391445,0.0006745636240658628
4261,2000.0,0.0
4262,2331.3136318951415,0.0013231466517165443
4263,2000.0,0.0
4264,2256.171858448015,0.0010230576231670778
4265,2428.071739304159,0.0017095634891776436
4266,2000.0,0.0
4267,2014.2862708809334,5.7054191744230695e-05
4268,2217.695030458853,0.0008693951075883465
4269,2533.227393856833,0.002129517088534724
4270,2000.0,0.0
4271,2000.0,0.0
4272,2025.2785149615704,0.00010095323346778068
4273,2219.367221265536,0.0008760732320417172
4274,2547.4683999336194,0.0021863905090450473
4275,2000.0,0.0
4276,2060.5547550939095,0.00024183376032465946
4277,2000.0,0.0
4278,2000.0,0.0
4279,2283.416995088311,0.0011318648313551685
4280,2000.0,0.0
4281,2132.113561866423,0.0005276137176427106
4282,2438.578828215693,0.0017515249968676865
4283,2131.420785802866,0.0005248470209522002
4284,2193.618328128449,0.0007732414785009308
4285,2000.0,0.0
4286,2000.0,0.0
4287,2008.2471971984157,3.293631866793656e-05
4288,2311.850358684672,0.0012454173876576841
4289,2368.736864733474,0.0014726014898504593
4290,2000.0,0.0
4291,2000.0,0.0
4292,2000.0,0.0
4293,2172.8620935630684,0.0006903485950710136
4294,2197.4369550400156,0.0007884916913680953
4295,2249.403166833166,0.0009960259203196566
4296,2424.15420497077,0.0016939182758896817
4297,2000.0,0.0
4298,40889.1749422245,0.15530927996681024
4299,2227.0071913654206,0.0009065845056016163
4300,2147.778276622154,0.0005901729149826503
4301,2000.0,0.0
4302,2425.9321492749386,0.0017010187415105581
4303,13533.271483031982,0.046059709221205274
4304,2269.600821465641,0.0010766880378021756
4305,2282.2989704180814,0.0011273998457447393
4306,2432.2612221519694,0.0017262947663387908
4307,2114.8644738810826,0.00045872710744675367
4308,2000.0,0.0
4309,2362.1925358880167,0.001446465810645026
4310,13006.239208305411,0.04395493319474911
4311,2316.648225465914,0.001264578329906483
4312,2100.252491535576,0.0004003721420781179
4313,2314.285900507049,0.001255144059599797
4314,2000.0,0.0
4315,27703.01369399926,0.1026485276615577
4316,2171.605064322774,0.0006853284755519596
4317,2392.1467638303006,0.0015660921483235512
4318,4340.138700864057,0.009345666427575642
4319,2161.271001076466,0.0006440579697029672
4320,2460.8358833383113,0.001840411614040997
4321,2338.5694735773895,0.0013521238554987606
4322,2409.631216264442,0.001635918718884504
4323,2008.1976487123572,3.27384399599253e-05
4324,2497.204207707647,0.0019856535298129925
4325,2000.0,0.0
4326,2115.016466573047,0.00045933411121025156
4327,2083.4187058369994,0.0003331440988026905
4328,2338.7457526401076,0.0013528278502310895
4329,10928.933445702534,0.03565892633062653
4330,2284.9115015264474,0.0011378333487937
4331,9307.643485389346,0.02918408142255771
4332,2041.943352678803,0.00016750655969473977
4333,2108.2607336605874,0.000432354160726834
4334,2107.440250579857,0.00042907744846223776
4335,2000.0,0.0
4336,2102.4366438621423,0.00040909485542137483
4337,2384.7766401392996,0.0015366585435886548
4338,2267.4192089137987,0.0010679754673993194
4339,2336.5668977000037,0.001344126292730773
4340,4200.7359349956905,0.008788942269128906
4341,2123.1785895303665,0.0004919306741711562
4342,2000.0,0.0
4343,2006.3983537354745,2.5552707484945494e-05
4344,2079.5328359141154,0.00031762534170217543
4345,2000.0,0.0
4346,2000.0,0.0
4347,2252.3264870231615,0.001007700602400085
4348,35208.55818340233,0.1326229540190168
4349,2048.0702006790743,0.00019197497160632938
4350,2032.5425544897873,0.00012996317647772856
4351,2000.0,0.0
4352,2130.264319198414,0.0005202285121792601
4353,2050.421425016585,0.00020136491005171356
4354,2079.187578423273,0.000316246508327964
4355,2164.6970787491055,0.0006577404830820383
4356,2000.0,0.0
4357,2426.156722830738,0.0017019156069571165
4358,2000.0,0.0
4359,2060.7397978527956,0.00024257275408547628
4360,2000.0,0.0
4361,2119.0258954959004,0.000475346318206454
4362,2000.0,0.0
4363,2388.0051984500833,0.0015495522361733804
4364,2017.0878671699359,6.824275264965228e-05
4365,2211.00444461475,0.0008426753309011964
4366,2000.0,0.0
4367,2000.0,0.0
4368,2023.3236284906209,9.314612491710846e-05
4369,2129.189191646632,0.0005159348421235749
4370,4068.3832231743277,0.008260373473180703
4371,2067.6377210094,0.00027012056090601824
4372,2469.6114910550878,0.0018754582129412965
4373,2265.4713390768225,0.0010601963807434743
4374,15712.081780874534,0.05476108843649911
4375,2496.535840500316,0.0019829843132539316
4376,2000.0,0.0
4377,2331.2426236857173,0.0013228630706456218
4378,2144.446774037291,0.0005768681002512668
4379,2189.408283558799,0.0007564280852697322
4380,2488.6825603538623,0.0019516211566239592
4381,2223.189759800893,0.0008913390665176001
4382,2419.0535138695345,0.0016735479629827379
4383,2280.6001877753974,0.0011206155231293247
4384,2000.0,0.0
4385,2259.53896825785,0.0010365046402588916
4386,2087.4524709483853,0.0003492534957218931
4387,9382.041498527737,0.029481200141806732
4388,2435.0383943858737,0.0017373857864139731
4389,2345.467557752364,0.001379672305368354
4390,2000.0,0.0
4391,2000.0,0.0
4392,2000.0,0.0
4393,2094.595899795694,0.00037778176335467005
4394,2000.0,0.0
4395,2278.942669259755,0.0011139959944924081
4396,2141.886865160346,0.0005666447513360574
4397,2368.7080140425137,0.0014724862706398112
4398,2000.0,0.0
4399,2115.3126273289126,0.0004605168700066581
4400,2000.0,0.0
4401,2407.688002120224,0.0016281582253793534
4402,2000.0,0.0
4403,2000.0,0.0
4404,2000.0,0.0
4405,2344.9851909783856,0.001377745907175083
4406,2071.4414935741547,0.00028531145089191225
4407,2191.5419958705324,0.0007649493594619455
4408,2296.9450404921004,0.0011858909451552754
4409,2300.864928386297,0.0012015455577126955
4410,2000.0,0.0
4411,2000.0,0.0
4412,2059.045107017774,0.000235804772667908
4413,2000.0,0.0
4414,2259.41664721115,0.0010360161343002036
4415,5460.239784388783,0.013818944480676923
4416,14769.708095659038,0.05099758924352507
4417,2000.0,0.0
4418,2154.0402292385534,0.000615180885799314
4419,2000.0,0.0
4420,2243.1885287319496,0.0009712069065404196
4421,2000.0,0.0
4422,2480.7156738250587,0.0019198042972484643
4423,2247.6215828686495,0.0009889109192135499
4424,2000.0,0.0
4425,2000.0,0.0
4426,2000.0,0.0
4427,2000.0,0.0
4428,2000.0,0.0
4429,2398.2002067503117,0.0015902674069301903
4430,2182.5637280406795,0.0007290934094687854
4431,2000.0,0.0
4432,2145.327520549959,0.0005803854828370109
4433,2000.0,0.0
4434,2480.960691486471,0.0019207828090484613
4435,2000.0,0.0
4436,2285.854737734252,0.0011416002925895095
4437,2318.397620953142,0.0012715647818922152
4438,2000.0,0.0
4439,2000.0,0.0
4440,2007.445327283166,2.9733940645017276e-05
4441,2394.523861223254,0.0015755854143817537
4442,6901.89014578541,0.019576373891947288
4443,2129.5999507347997,0.0005175752651543526
4444,5967.933347501031,0.015846488696975927
4445,2326.4102683654737,0.0013035643936629947
4446,2362.498230670016,0.0014476866448888074
4447,2081.027634466945,0.00032359502574099384
4448,2107.034511018785,0.00042745707160472476
4449,2274.4046856702234,0.0010958729315876693
4450,2000.0,0.0
4451,2383.5917890924193,0.0015319266776328382
4452,74975.50894234591,0.2914377526878682
4453,2000.0,0.0
4454,2340.1599544292026,0.0013584756599858208
4455,2000.0,0.0
4456,2000.0,0.0
4457,2000.0,0.0
4458,2124.6051215488555,0.0004976277263963637
4459,2376.94522347599,0.0015053827017919158
4460,2000.0,0.0
4461,2000.0,0.0
4462,2072.1345086694746,0.00028807910218871073
4463,2464.9499320429077,0.001856841634554636
4464,2000.0,0.0
4465,2467.3364312536387,0.0018663724480679246
4466,2410.1449412720012,0.0016379703505054743
4467,2000.0,0.0
4468,57281.8116037726,0.2207755337622409
4469,2353.5584514049174,0.0014119844042836168
4470,2248.693842055055,0.0009931931340567777
4471,2109.457911123806,0.00043713525392516384
4472,2038.3329144343,0.00015308777696274554
4473,2352.4022047403655,0.0014073667738709796
4474,2334.463546156017,0.0013357262684489772
4475,2305.5490687540473,0.0012202523178550632
4476,2498.604760972237,0.0019912468323040264
4477,2082.809968753107,0.000330713023360003
4478,2345.5383822559324,0.0013799551527846222
4479,2389.9826935867827,0.001557449635546727
4480,2000.0,0.0
4481,2000.0,0.0
4482,2023.7987217508637,9.504347533081589e-05
4483,2385.3893475494206,0.00153910547507634
4484,2000.0,0.0
4485,2260.008123253939,0.0010383782753962713
4486,2000.0,0.0
4487,2000.0,0.0
4488,2192.413355806521,0.0007684292554600309
4489,11714.718736169945,0.03879706818764232
4490,2417.2855297179476,0.001666487274603938
4491,2000.0,0.0
4492,2427.834836003196,0.0017086173831944475
4493,2000.0,0.0
4494,2495.4229391326726,0.001978539788258491
4495,2183.798970636473,0.0007340265210203159
4496,2000.0,0.0
4497,2000.0,0.0
4498,2000.0,0.0
4499,2171.9141978327616,0.0006865630428299005
4500,2347.6633618619085,0.0013884415517128237
4501,2022.3701934164046,8.93384505426427e-05
4502,2055.8686074254892,0.0002231189837504123
4503,2171.4301629317024,0.000684629982741226
4504,2126.4324838290845,0.0005049255495155874
4505,2250.449386481016,0.0010002041426768072
4506,2077.428576130421,0.00030922169023993133
4507,2271.088548051254,0.001082629478965232
4508,2497.848594037307,0.0019882269754319497
4509,2000.0,0.0
4510,2000.0,0.0
4511,35230.26184543878,0.13270963058463
4512,2000.0,0.0
4513,2142.811347989563,0.0005703368009298236
4514,2000.0,0.0
4515,2451.986074963994,0.0018050686845882263
4516,2201.956872085906,0.0008065426030408121
4517,2116.2841487723745,0.0004643967747894294
4518,2338.4316010176153,0.0013515732424292486
4519,2000.0,0.0
4520,8822.776362959701,0.027247697743140425
4521,2355.790832225888,0.0014208997247662902
4522,2000.0,0.0
4523,2195.7418897085745,0.0007817222143474602
4524,2447.805720836623,0.0017883738642303047
4525,2330.287961627096,0.0013190504961398276
4526,2382.9073537178874,0.0015291932906334928
4527,2304.308251549331,0.001215296943334488
4528,2439.2755682344123,0.0017543075241594607
4529,2140.665332024213,0.0005617663904011645
4530,2194.832189202559,0.0007780891999987476
4531,2000.0,0.0
4532,2000.0,0.0
4533,2140.771532410842,0.0005621905162820559
4534,2000.0,0.0
4535,2293.1574452701702,0.001170764661617564
4536,2372.0456068175217,0.0014858154073849085
4537,2436.2898890358438,0.0017423838027837701
4538,2000.0,0.0
4539,2451.77619841824,0.0018042305136768775
4540,2000.0,0.0
4541,20781.964855772676,0.0750083652442006
4542,2079.2449727422522,0.00031647572045108256
4543,2372.2008165022494,0.001486435258652382
4544,2000.0,0.0
4545,2000.0,0.0
4546,2288.76398625176,0.0011532187775064526
4547,2109.016191548827,0.00043537118592322857
4548,2349.2773956773303,0.0013948874182062015
4549,2000.0,0.0
4550,2000.0,0.0
4551,2154.8374840398333,0.0006183648327285247
4552,2000.0,0.0
4553,2284.170988115899,0.0011348760064286614
4554,2459.7083105414,0.0018359084966707104
4555,2312.8267252803303,0.0012493166422235281
4556,2401.740293103133,0.0016044052296866219
4557,2115.668846057336,0.0004619394785938622
4558,69587.10496351529,0.2699184187507052
4559,2365.8554433740264,0.0014610941365244597
4560,2000.0,0.0
4561,2000.0,0.0
4562,2224.7624880997487,0.0008976199737377091
4563,5497.91567249132,0.013969408332430227
4564,3885.005059572539,0.00752802750305042
4565,2253.243317685935,0.0010113620920125122
4566,3395.6961295870533,0.005573904852974234
4567,2000.0,0.0
4568,2088.926647361297,0.0003551408224027365
4569,2293.352292036095,0.0011715428090317125
4570,2000.0,0.0
4571,2133.4790560893334,0.0005330670070188455
4572,2227.573820004382,0.0009088474151659476
4573,2483.046923557633,0.0019291144643560666
4574,2295.762635393908,0.0011811688474326534
4575,2000.0,0.0
4576,2080.266761106648,0.00032055637311055943
4577,2171.0166263916576,0.0006829784675735796
4578,2000.0,0.0
4579,2045.5728455848625,0.0001820014398438343
4580,2000.0,0.0
4581,2000.0,0.0
4582,2109.6335467707636,0.0004378366790879773
4583,2127.851666477372,0.0005105932510179809
4584,2172.4299268685786,0.0006886226778139212
4585,2000.0,0.0
4586,2278.8759388822564,0.0011137294975328664
4587,2000.0,0.0
4588,2417.02808062092,0.001665459116152469
4589,2000.0,0.0
4590,2117.5979096365886,0.0004696434598675473
4591,2000.0,0.0
4592,2000.0,0.0
4593,2077.2822233321185,0.0003086372101690823
4594,2373.6156290594085,0.0014920855075935546
4595,2432.2217644213188,0.0017261371864532426
4596,2000.0,0.0
4597,2000.0,0.0
4598,2276.1123580530457,0.001102692756605541
4599,2165.5989803647903,0.0006613423514873467
4600,2000.0,0.0
4601,2308.236630469949,0.0012309854659761834
4602,2115.144348193713,0.00045984482408745024
4603,2222.716159605926,0.0008894476788658505
4604,2000.0,0.0
4605,2051.278049041901,0.00020478595615957412
4606,2000.0,0.0
4607,2305.212694116273,0.0012189089593788432
4608,2000.0,0.0
4609,2322.6420758008494,0.0012885155973113745
4610,2338.4062839076687,0.0013514721350613886
4611,2297.280771244097,0.0011872317321849
4612,2000.0,0.0
4613,12959.929258614779,0.04376998802806875
4614,2983.7425755873337,0.003928711558271614
4615,2176.435502973437,0.0007046194980504534
4616,2435.3776794952405,0.0017387407682596286
4617,2000.4847777029618,1.936026570448224e-06
4618,2400.0186550191634,0.0015975296307164186
4619,2000.0,0.0
4620,2000.0,0.0
4621,2000.0,0.0
4622,2293.9914328444975,0.001174095305938573
4623,2000.0,0.0
4624,2000.0,0.0
4625,2320.186601754572,0.0012787093232859911
4626,2127.773373938168,0.0005102805789721325
4627,2000.0,0.0
4628,21881.35302413597,0.07939892341588205
4629,2000.0,0.0
4630,2108.5285053919174,0.000433423544041087
4631,2000.0,0.0
4632,2000.0,0.0
4633,2190.8751501728884,0.0007622862192615178
4634,2000.0,0.0
4635,3408.250163630784,0.005624041118166469
4636,2003.4127604690184,1.3629329290989686e-05
4637,3057.048173984561,0.004221467568691573
4638,2000.0,0.0
4639,2000.0,0.0
4640,2000.0,0.0
4641,2000.0,0.0
4642,3559.7122560445446,0.006228925859228608
4643,2365.0897007064227,0.001458036037644191
4644,5032.349578421452,0.012110105969899433
4645,2160.6668948654433,0.0006416453882893275
4646,127037.40594870721,0.4993541137260409
4647,2153.888447211247,0.0006145747233541627
4648,2362.99003135497,0.001449650718705774
4649,2000.0,0.0
4650,2000.0,0.0
4651,67730.86570068274,0.26250527142153346
4652,2000.0,0.0
4653,2000.0,0.0
4654,2000.0,0.0
4655,2402.3310212704055,0.0016067643840387384
4656,2429.5901180571846,0.0017156273439958448
4657,2388.233865410977,0.0015504654491973486
4658,2066.4468332947454,0.0002653645866854508
4659,2005.079121270111,2.028417081352367e-05
4660,2091.4873572987103,0.0003653673704633303
4661,2143.7756192469415,0.000574187751095228
4662,2000.0,0.0
4663,2373.793798336929,0.0014927970511592129
4664,2478.9312585386706,0.0019126779888682423
4665,2222.7238496029136,0.0008894783899286805
4666,2228.361790794695,0.0009119942851178089
4667,2122.3838862645666,0.0004887569171505447
4668,2000.0,0.0
4669,2000.0,0.0
4670,2167.250674156841,0.0006679386182878149
4671,2000.0,0.0
4672,2359.602054153499,0.0014361203648094473
4673,2036.7293595764925,0.00014668375963084422
4674,2031.8033793295797,0.00012701117859986732
4675,2000.0,0.0
4676,2475.4831109588695,0.0018989073362731743
4677,2000.0,0.0
4678,2000.0,0.0
4679,2000.0,0.0
4680,2226.8219862806113,0.0009058448635698522
4681,2493.5162549836787,0.001970925182323951
4682,2000.0,0.0
4683,2424.49391765399,0.0016952749653104497
4684,2000.0,0.0
4685,2218.3199361002403,0.0008718907543937941
4686,2000.0,0.0
4687,2096.5231796609514,0.0003854786211206756
4688,2411.6664165661614,0.001644046571787473
4689,2129.0558217781027,0.0005154022111721248
4690,2000.0,0.0
4691,26885.320272171128,0.09938295628426841
4692,2362.797558614332,0.0014488820522888038
4693,15878.396417860136,0.05542528886133583
4694,31152.143158786777,0.11642310154964589
4695,2067.356876553652,0.00026899896986507313
4696,2208.7354121514027,0.0008336136370332408
4697,2332.330614676458,0.0013272081126176703
4698,6364.259193390027,0.017429270585475824
4699,2000.0,0.0
4700,2391.5603055430283,0.0015637500463257046
4701,153668.5822778414,0.6057093867934618
4702,2320.664642812191,0.0012806184461347948
4703,2000.0,0.0
4704,2200.2635154788322,0.0007997799500464413
4705,2126.895947151894,0.0005067764541712774
4706,29541.917276236927,0.10999244256101284
4707,2119.937676563452,0.00047898764156441113
4708,2380.344947589093,0.001518959968598842
4709,2496.901806110886,0.001984445847358336
4710,2000.0,0.0
4711,55651.51255627474,0.21426470982283782
4712,2000.0,0.0
4713,2000.0,0.0
4714,2083.1347262480044,0.0003320099871750304
4715,2095.1277945235192,0.0003799059582577334
4716,2384.9560505187333,0.0015373750436658562
4717,2316.44744222808,0.0012637764743735815
4718,2000.0,0.0
4719,2064.01740846655,0.00025566234380266714
4720,2194.459070595271,0.0007765990994160997
4721,2068.316469674419,0.0002728312372471623
4722,2000.0,0.0
4723,2017.9792669525182,7.180268053706695e-05
4724,2029.3245561037886,0.00011711165640803517
4725,2000.0,0.0
4726,2305.0456915767627,0.0012182420117204662
4727,2000.0,0.0
4728,2171.189832454893,0.0006836701898589436
4729,2112.584144767014,0.0004496202988472017
4730,2401.941663373111,0.0016052094296132979
4731,2000.0,0.0
4732,5302.988229878282,0.013190938724808593
4733,52811.46792963635,0.20292260018199013
4734,2000.0,0.0
4735,2044.971974500668,0.00017960177835505894
4736,2000.0,0.0
4737,2310.549665916195,0.0012402228918209808
4738,2000.0,0.0
4739,2000.0,0.0
4740,36022.12367516017,0.13587203993864536
4741,2031.039847907318,0.0001239619106326341
4742,2318.7034305107873,0.0012727860745083575
4743,6194.608193383198,0.016751745935085223
4744,2286.6758786906803,0.001144879632171374
4745,2146.309342799795,0.0005843065253097295
4746,2279.353361399341,0.001115636150154798
4747,2245.1116282430894,0.0009788870694861073
4748,2000.0,0.0
4749,2140.607113762555,0.0005615338877493978
4750,2316.4874661107456,0.0012639363152652308
4751,2000.0,0.0
4752,2223.178517373545,0.000891294168334519
4753,2085.184342015039,0.0003401954102255234
4754,6805.111424086203,0.01918987472847719
4755,2000.0,0.0
4756,2232.973732244304,0.0009304127089298855
4757,2392.549628283616,0.001567701043041981
4758,2000.0,0.0
4759,2000.0,0.0
4760,2000.0,0.0
4761,2000.0,0.0
4762,2491.726797337395,0.0019637787365845323
4763,2094.777206645108,0.00037850583724611565
4764,2000.0,0.0
4765,2000.0,0.0
4766,39194.79262443216,0.14854253065531736
4767,2484.010115955967,0.0019329611059491856
4768,2000.0,0.0
4769,2280.5667165901946,0.0011204818513381072
4770,2000.0,0.0
4771,2000.0,0.0
4772,2246.6212916143527,0.000984916118226058
4773,2000.0,0.0
4774,2240.598809248456,0.0009608645048593614
4775,2000.0,0.0
4776,2296.883385657201,0.0011856447180746306
4777,2315.8001338805193,0.0012611913592734149
4778,2279.28579105403,0.0011153662986680309
4779,2000.0,0.0
4780,3215.807733898661,0.004855495751977483
4781,2492.1164912446106,0.0019653350329119045
4782,2000.0,0.0
4783,2000.0,0.0
4784,13760.635362083918,0.046967718208242866
4785,2000.0,0.0
4786,2228.4669404036413,0.0009124142145732032
4787,2304.0211020004626,0.0012141501720351784
4788,2000.0,0.0
4789,2143.009675412181,0.0005711288488261922
4790,2160.7018068287066,0.0006417848140263024
4791,2000.0,0.0
4792,63912.21639116698,0.2472549691050728
4793,2401.0757355180135,0.0016017512273789163
4794,2000.0,0.0
4795,2000.0,0.0
4796,2378.9349497178637,0.0015133289477695065
4797,2000.0,0.0
4798,2357.09930906214,0.0014261253073504787
4799,2000.0,0.0
4800,2091.383253751992,0.0003649516186016149
4801,2000.0,0.0
4802,21663.004277032913,0.07852691760077768
4803,2242.322868049211,0.000967749771295677
4804,2332.48119124448,0.001327809460895028
4805,2379.886838597442,0.0015171304472025842
4806,2485.009800595191,0.0019369534843357763
4807,2237.6125778396695,0.0009489385781560576
4808,2315.2495310720165,0.0012589924510717533
4809,2104.6066226570633,0.00041776096481256457
4810,2430.189520944901,0.001718021142039632
4811,2215.00670575957,0.000858658912387936
4812,11419.695847399065,0.03761885362030307
4813,2000.0,0.0
4814,2097.390224574451,0.00038894128448174227
4815,2283.8551368510434,0.0011336146108707913
4816,2000.0,0.0
4817,2000.0,0.0
4818,2482.4341923245097,0.001926667437727939
4819,2047.6882885897649,0.0001904497530412809
4820,2000.0,0.0
4821,2000.0,0.0
4822,2017.9009186127405,7.148978564393803e-05
4823,2198.4682059761767,0.0007926101341120782
4824,2438.411727238202,0.0017508576560836646
4825,2489.2720607376727,0.0019539754076536037
4826,5517.350213479452,0.01404702285039921
4827,2259.9378886381796,0.001038097783778268
4828,2000.0,0.0
4829,2385.726876358999,0.0015404534428967304
4830,2000.0,0.0
4831,2000.0,0.0
4832,2478.6047920781207,0.0019113742000633465
4833,2391.3109414564256,0.0015627541764776706
4834,2000.0,0.0
4835,2240.136573104839,0.0009590185011129088
4836,2073.6146859305595,0.0002939903940837908
4837,2000.0,0.0
4838,2000.0,0.0
4839,2000.0,0.0
4840,2139.4544658206714,0.0005569306293317245
4841,2057.2773520940063,0.000228744999741997
4842,2109.749136239955,0.00043829830156411585
4843,2000.0,0.0
4844,2450.888536618598,0.0018006855139395157
4845,2210.872957064433,0.0008421502172469564
4846,2419.6805259066696,0.0016760520219699145
4847,2000.0,0.0
4848,2198.2807726849396,0.000791861593430844
4849,2379.569454915329,0.001515862931725195
4850,2000.0,0.0
4851,2000.0,0.0
4852,3959.30174785203,0.007824741567510495
4853,2000.0,0.0
4854,2057.759171938828,0.0002306692136982997
4855,2000.0,0.0
4856,2000.0,0.0
4857,2218.8098387241103,0.0008738472480422227
4858,2000.0,0.0
4859,2000.0,0.0
4860,2251.80157275238,0.0010056042849142938
4861,2000.0,0.0
4862,52101.84809125832,0.20008863555526843
4863,2000.0,0.0
4864,2000.0,0.0
4865,2000.0,0.0
4866,2079.0142014652583,0.00031555410355074524
4867,7676.427287288393,0.022669594715816456
4868,2000.0,0.0
4869,2000.0,0.0
4870,7152.58445977721,0.020577556186395132
4871,2434.71696911224,0.00173610213028382
4872,2000.0,0.0
4873,2000.0,0.0
4874,2070.9636658148415,0.00028340317987929006
4875,2375.5308373273947,0.0014997341557721113
4876,2342.116753114473,0.0013662904052279302
4877,2000.0,0.0
4878,2000.0,0.0
4879,2033.3858031152356,0.00013333080608277786
4880,2396.076311691018,0.001581785339288641
4881,2405.667999276402,0.0016200910656190594
4882,2000.0,0.0
4883,2159.437830372441,0.0006367369498427797
4884,2000.0,0.0
4885,64086.32833571316,0.24795030915230346
4886,63211.50408006615,0.24445657791619754
4887,2248.9034480022265,0.000994030224295393
4888,2433.146598343125,0.0017298306381836517
4889,2063.8154339804746,0.00025485573085573185
4890,2000.0,0.0
4891,2163.403356715636,0.0006525738258363178
4892,2026.8133361086836,0.0001070827532529163
4893,2348.719001867168,0.0013926573955656326
4894,2000.0,0.0
4895,2399.9177603780713,0.001597126694061585
4896,2000.0,0.0
4897,2000.0,0.0
4898,2000.0,0.0
4899,2000.0,0.0
4900,2000.0,0.0
4901,2228.0941071056245,0.0009109252534124524
4902,2000.0,0.0
4903,2000.0,0.0
4904,2000.0,0.0
4905,2000.0,0.0
4906,2399.7083294743516,0.001596290302883118
4907,23216.277715322256,0.08473012915388169
4908,2455.2920923972224,0.0018182717208541106
4909,2000.0,0.0
4910,2308.057425234832,0.0012302697851710835
4911,2289.721397373758,0.0011570423307757285
4912,2497.5275396880324,0.0019869448006393474
4913,2000.0,0.0
4914,2000.0,0.0
4915,2062.4656966478615,0.00024946536879266734
4916,2385.2601417193523,0.001538589473786385
4917,2282.874914030319,0.0011296999559386681
4918,2077.2990511740018,0.00030870441447491265
4919,2000.0,0.0
4920,2281.612593014697,0.0011246587029855142
4921,2383.6214944337567,0.001532045310007557
4922,2019.9609848539928,7.971694410353891e-05
4923,10994.033035390925,0.035918910514288416
4924,2234.8683566567875,0.000937979152644557
4925,2020.1696169412787,8.055014509848052e-05
4926,2082.794750513188,0.00033065224722145757
4927,2119.928303963931,0.0004789502107964607
4928,2320.5806512178224,0.0012802830141266843
4929,2482.004787303145,0.0019249525495930956
4930,2055.492930110586,0.00022161866461625247
4931,2000.0,0.0
4932,2000.0,0.0
4933,2000.0,0.0
4934,2000.0,0.0
4935,2000.0,0.0
4936,2042.3154105433978,0.00016899242405524727
4937,2000.0,0.0
4938,2000.0,0.0
4939,2334.8621995132853,0.0013373183455749563
4940,2000.0,0.0
4941,2189.515697073655,0.0007568570559453956
4942,2420.94513539889,0.0016811024142697716
4943,2153.5433496236374,0.0006131965285755495
4944,2000.0,0.0
4945,2000.0,0.0
4946,2172.295365747253,0.0006880852894302486
4947,2105.288911807883,0.0004204857805717166
4948,45583.10731070993,0.17405514581367967
4949,2000.0,0.0
4950,43552.691593678,0.1659464008090862
4951,2057.4370757524553,0.00022938287818565634
4952,2134.4533559281986,0.0005369580077065877
4953,2000.0,0.0
4954,2189.9564122718816,0.0007586171128303437
4955,2000.0,0.0
4956,2000.0,0.0
4957,2343.4214662220593,0.0013715009568429637
4958,18720.742874126547,0.06677659117604881
4959,2000.0,0.0
4960,2184.1414800024627,0.0007353943793791725
4961,2028.0237709682494,0.0001119167916907391
4962,2000.0,0.0
4963,2432.9053503280215,0.0017288671809857353
4964,2000.0,0.0
4965,2835.5828506777025,0.0033370152769804564
4966,2427.441052512216,0.0017070447545506733
4967,2296.755484748652,0.0011851339281686128
4968,2245.439770958558,0.0009801975526460473
4969,2000.0,0.0
4970,2000.0,0.0
4971,3811.375749270018,0.007233978704521622
4972,2000.0,0.0
4973,2000.0,0.0
4974,2323.3108122748886,0.0012911862885879276
4975,2000.0,0.0
4976,2819.071118630129,0.003271073399346812
4977,2000.0,0.0
4978,2054.54238979623,0.0002178225508642547
4979,2411.9889976624636,0.0016453348438547517
4980,38078.63941100732,0.14408501896556855
4981,2395.1081867134426,0.0015779189987605007
4982,2000.0,0.0
4983,2000.0,0.0
4984,2123.840488725977,0.0004945740598339687
4985,2000.0,0.0
4986,2086.029960996396,0.00034357250617358427
4987,2439.2997191873724,0.0017544039743186707
4988,2135.9133230917496,0.000542788587791743
4989,16004.270002521478,0.05592798236999571
4990,2491.551925359796,0.001963080361240554
4991,2000.0,0.0
4992,2445.690758696938,0.0017799274714343765
4993,2101.3294736523862,0.00040467321859484484
4994,2103.0050702137105,0.0004113649443987684
4995,2437.5714673625675,0.001747501962462917
4996,2105.859183674456,0.00042276323986763405
4997,2050.725672424119,0.00020257996400608463
4998,2000.0,0.0
4999,2227.0534134539366,0.0009067690998825866
5000,3006.2433337152165,0.0040185714369844056
